dtin,src,district,county,hwy,brm,bdp,erm,edp,lane,csj,pjdesc,workid,wrk,funcode,descr,layer,itm,lin,layerno,mthk,activity,letdate,compdate,qty,unt,cost,spec_yr,rehab
20160225,SM,23,68,IH0020,324,0.022,344,0.174,ML,000703081,SEAL COAT,,SC,,ASPH (AC-20-5TR) | AGGR(TY-PB GR-3 SAC-B) | AGGR(TY-PB GR-4 SAC-B) | ASPH (INTER)(AC-20-5TR) | AGGR(TY-PB GR-4S SAC-B) | AGGR (INTER)(TY-PB GR-4S SAC-B) | AGGR (INTER)(TY-PB GR-4 SAC-B),Seal coat 2 CR,316,165,1,,,200412,20050909,,,2984704.975,2004,
20160225,SM,23,68,IH0020,343,0.788,344,0.106,ML EW,000703083,SEAL COAT,,SC,,"AGGR(TY-B GR-3 SAC-B) | ASPH (AC-20-XP, AC-15P OR AC-10-2TR) | AGGR(TY-B GR-5 SAC-B) | ASPH (CRS-2 OR CRS-2H) | AGGR (TY-PB GR-4 OR TY-PL GR-4)(SAC-B) | AGGR(TY-B GR-4 OR TY-L GR-4 SAC-B)",Seal coat 3 CR,316,290,1,,,201001,20100909,,,5645490.206,2004,PM
20160225,SM,23,68,IH0020,324,0.022,344,0.106,ML EW,000703084,SEAL COAT,,SC,,AGGR(TY-PB GR-3 SAC-A),Seal coat grade 3,316,300,1,,,201112,20121111,,,537822.03,2004,PM
20160225,SM,23,68,IH0020,324,0.022,344,0.106,ML EW,000703084,SEAL COAT,,SC,,AGGR (TIER II)(TY B GR 4 OR TY L GR 4) | ASPH (TIER I) | AGGR (TIER II) | ASPH (TIER II)(EMUL) | AGGR (TIER I) | ASPH (TIER II),Seal coat grade 4,3235,325,2,,,201112,20121111,,,6237747.634,2004,PM
20160225,SM,23,68,IH0020,344,0.174,350,0,ML,000704099,SEAL COAT,,SC,,"ASPH (AC-15-5TR) | AGGR (TY L, GR4) | AGGR (TY L, GR3) | AGGR (TY PB, GR 4) | ASPH (CRS-2P) | AGGR (TY B, GR4) | AGGR (TY PB GR3)",Seal coat 2 CR,316,315,1,,,200212,20031010,,,5263280.904,1993,
20160225,SM,23,68,SH0006,344,1.683,352,1.212,ML,000704102,SEAL COAT,,SC,,"ASPH (AC-20-5TR) | AGGR (TY PB, GR 4)(MOD) | AGGR (TY B GR 4)(INTER) | AGGR (TY L, GR3) | ASPH (CRS-2P)(INTER) | AGGR (TY PB, GR 4) | ASPH (CRS-2P) | AGGR (TY B, GR4) | ASPH (AC-20-5TR)(INTER) | AGGR (TY PB GR 4)(INTER) | ASPH (AC-15XP) | ASPH (AC-15XP)(INTER)",Seal coat 2 CR,316,315,1,,,200312,20040909,,,5490186.86,1993,
20160225,SM,23,68,SH0006,352,1.235,354,0.2,ML,000704106,SEAL COAT,,SC,,AGGR(TY-B GR-4 SAC-B) | AGGR(TY-L GR-3LW SAC-B) | AGGR(TY PB-GR3 OR TY PB-GR4S)SAC-B | AGGR(TY PB-GR3 OR TY PB-GR4S)SAC-B(INT) | AGGR(TY-PB GR-4 SAC-B) | ASPH (CRS-2P) | AGGR (INTER)(TY-B GR-4 SAC-B) | ASPH (AC-20-XP OR AC-20-5TR) | AGGR (INTER)(TY-PB GR-4 SAC-B) | ASPH (INTER)(CRS-2P) | ASPH (AC-20-XP OR AC-20-5TR)(INTER),Seal coat 2 CR,316,265,1,,,200511,20060909,,,6476501.3,2004,
20160225,SM,23,68,IH0020,347,0.045,348,0.987,ML EW,000704108,SEAL COAT,,SC,,AGGR (TY-PB GR-3 OR TY-PL GR-3)(SAC-B) | AGGR (TY-PB GR-4 OR TY-PL GR-4)(SAC-B) | ASPH (AC-20-XP OR AC-20-5TR),Seal coat 2 CR,316,190,1,,,200711,20081010,,,4619783.383,2004,
20160225,SM,23,68,SL0254,534,-0.49,534,-0.227,ML,000705011,SEAL COAT,,SC,,AGGR (TY-L GR-3 SAC-B) | AGGR(TY-B GR-4 SAC-B) | ASPH (CRS-2P),Seal coat 2 CR,316,155,1,,,200611,20071010,,,4923675.35,2004,
20160225,SM,23,68,IH0020,359,0.327,360,0.925,ML,000706072,SEAL COAT MICROSURFACING,,OV,,AGGR(TY-PB GR-4 SAC-B) | ASPH(AC-20-5TR OR AC-20XP),Seal coat grade 4,316,60,2,,,200604,20060707,,,161174.4,2004,
20160225,SM,23,68,IH0020,359,0.327,360,0.925,ML,000706072,SEAL COAT MICROSURFACING,,OV,,MICROSURFACING,Microsurfacing,350,75,1,,,200604,20060707,,,181049.57,2004,
20160225,SM,23,68,IH0020,359,0.327,360,0.925,ML,000706072,SEAL COAT MICROSURFACING,,OV,,"PLANE ASPH CONC PAV (3"") | PLANE ASPH CONC PAV (6"")",Milling,354,80,3,6,,200604,20060707,2020,SY,10,2004,
20160225,SM,23,68,IH0020,354,0.844,359,0.327,ML E,000706073,PCC OVERLAY,,OV,,EMBANKMENT (FINAL)(ORD COMP)(TY B),Fill,132,65,7,,,200607,20071111,,,11724,2004,HR
20160225,SM,23,68,IH0020,354,0.844,359,0.327,ML E,000706073,PCC OVERLAY,,OV,,"REWORK BS MTL (TY B) (14"") (DENS CONT)",Flexible base,251,100,5,14,,200607,20071111,,,176302,2004,HR
20160225,SM,23,68,IH0020,354,0.844,359,0.327,ML E,000706073,PCC OVERLAY,,OV,,"CEMENT TREAT(EXIST MATL)(8"") | CEMENT",Cement treated base,275,101,6,8,,200607,20071111,,,7666.8852,2004,HR
20160225,SM,23,68,IH0020,354,0.844,359,0.327,ML E,000706073,PCC OVERLAY,,OV,,D-GR HMA(METH) TY-F PG64-22,Dense-graded TY-F,340,105,2,,,200607,20071111,,,13000,2004,HR
20160225,SM,23,68,IH0020,354,0.844,359,0.327,ML E,000706073,PCC OVERLAY,,OV,,PLACEMENT BONUS/PENALTY | D-GR HMA(QCQA) TY-C PG64-22 | PRODUCTION BONUS/PENALTY,Dense-graded TY-C,341,110,3,,,200607,20071111,,,839620,2004,HR
20160225,SM,23,68,IH0020,354,0.844,359,0.327,ML E,000706073,PCC OVERLAY,,OV,,"PLANE ASPH CONC PAV (8"")",Milling,354,115,4,8,,200607,20071111,,,217762.5,2004,HR
20160225,SM,23,68,IH0020,354,0.844,359,0.327,ML E,000706073,PCC OVERLAY,,OV,,"CONC PVMT (CONT REINF-CRCP)(12"")",Concrete pavement,360,120,1,12,,200607,20071111,,,2728242.36,2004,HR
20160225,SM,23,68,IH0020,360,0.954,362,0.155,ML EW,000706075,RECONSTRUCT EXISTING ROADWAY.,,RER,,EMBANKMENT (FINAL)(ORD COMP)(TY D) | EMBANKMENT (FINAL)(DENS CONT)(TY D),Fill,132,80,10,,,200901,20100909,23202,CY,3,2004,
20160225,SM,23,68,IH0020,360,0.954,362,0.155,ML EW,000706075,RECONSTRUCT EXISTING ROADWAY.,,RER,,FL BS (CMP IN PLC)(TY A GR 2)(FNAL POS),Flexible base Gr 2,247,110,8,,,200901,20100909,,,121404.5,2004,
20160225,SM,23,68,IH0020,360,0.954,362,0.155,ML EW,000706075,RECONSTRUCT EXISTING ROADWAY.,,RER,,"REWORK BS MTL (TY D) (6"") (DENS CONT)",Flexible base,251,115,6,6,,200901,20100909,,,1653,2004,
20160225,SM,23,68,IH0020,360,0.954,362,0.155,ML EW,000706075,RECONSTRUCT EXISTING ROADWAY.,,RER,,"CEMENT TREAT(EXIST MATL)(8"") | CEMENT",Cement treated base,275,76,9,8,,200901,20100909,,,14230.5,2004,
20160225,SM,23,68,IH0020,360,0.954,362,0.155,ML EW,000706075,RECONSTRUCT EXISTING ROADWAY.,,RER,,PRIME COAT (MC-30 OR AE-P),Prime coat,310,120,5,,,200901,20100909,,,9593.5,2004,
20160225,SM,23,68,IH0020,360,0.954,362,0.155,ML EW,000706075,RECONSTRUCT EXISTING ROADWAY.,,RER,,"LOAD, HAUL, & DISTRB AGGR (TY PE GR 3) | AGGR(TY-PB GR-3 SAC-B) | ASPH (AC-15P OR MC-2400 W/LATEX) | AGGR(TY-PB GR-4 SAC-B) | LOAD, HAUL, & DISTRB AGGR (TY PE GR 4) | ASPH (AC-15P)",Seal coat 2 CR,316,125,3,,,200901,20100909,,,43204.9,2004,
20160225,SM,23,68,IH0020,360,0.954,362,0.155,ML EW,000706075,RECONSTRUCT EXISTING ROADWAY.,,RER,,D-GR HMA(QCQA) TY-B PG64-22 | D-GR HMA(QCQA) TY-D SAC-B PG64-22 | PLACEMENT BONUS/PENALTY | PRODUCTION BONUS/PENALTY,Dense-graded HMA,341,145,2,3,,200901,20100909,,,4175054,2004,
20160225,SM,23,68,IH0020,360,0.954,362,0.155,ML EW,000706075,RECONSTRUCT EXISTING ROADWAY.,,RER,,STONE-MTRX-ASPH SMA-C SAC-B PG76-22 | PLACEMENT BONUS/PENALTY | PRODUCTION BONUS/PENALTY,Stone matrix asphalt SMA-C,346,155,1,,,200901,20100909,,,1553690,2004,
20160225,SM,23,68,IH0020,360,0.954,362,0.155,ML EW,000706075,RECONSTRUCT EXISTING ROADWAY.,,RER,,"FLEXIBLE PAVEMENT STRUCTURE REPAIR(6"")",Flexible base,351,160,7,6,,200901,20100909,,,54750,2004,
20160225,SM,23,68,IH0020,360,0.954,362,0.155,ML EW,000706075,RECONSTRUCT EXISTING ROADWAY.,,RER,,"PLANE ASPH CONC PAV (8"")",Milling,354,165,4,8,,200901,20100909,,,140490,2004,
20160225,SM,23,68,IH0020,349,0.526,355,0.122,ML EW,000706076,"PLANE, SEAL, ACP OVERLAY, AND STRIPING",,OV,,"ASPH (AC-15P, AC-20-XP, OR AC-10-2TR) | AGGR (TY-PB GR-4 OR TY-PL GR-4 SAC-B)",Seal coat grade 4,316,80,2,,,201003,20110101,,,340485,2004,PM
20160225,SM,23,68,IH0020,349,0.526,355,0.122,ML EW,000706076,"PLANE, SEAL, ACP OVERLAY, AND STRIPING",,OV,,D-GR HMA(METH) TY-F PG64-22,Dense-graded TY-F,340,89,3,,,201003,20110101,,,16642.5,2004,PM
20160225,SM,23,68,IH0020,349,0.526,355,0.122,ML EW,000706076,"PLANE, SEAL, ACP OVERLAY, AND STRIPING",,OV,,PLACEMENT BONUS/PENALTY | PRODUCTION BONUS/PENALTY | STONE-MTRX-ASPH SMA-D SAC-B PG76-22,Stone matrix asphalt SMA-D,346,90,1,2,,201003,20110101,,,1730531,2004,PM
20160225,SM,23,68,IH0020,349,0.526,355,0.122,ML EW,000706076,"PLANE, SEAL, ACP OVERLAY, AND STRIPING",,OV,,"FLEXIBLE PAVEMENT STRUCTURE REPAIR(12"")",Flexible base,351,95,5,12,,201003,20110101,,,153000,2004,PM
20160225,SM,23,68,IH0020,349,0.526,355,0.122,ML EW,000706076,"PLANE, SEAL, ACP OVERLAY, AND STRIPING",,OV,,"PLANE ASPH CONC PAV (2""-3"")",Milling,354,100,4,3,,201003,20110101,,,169608.32,2004,PM
20160225,SM,23,68,IH0020,355,0.077,358,0.737,ML W,000706077,RECONSTRUCTION ROADWAY - WESTBOUND LANES ONLY,,OV,,EMBANKMENT (FINAL)(ORD COMP)(TY B),Fill,132,70,6,,,201201,20121212,,,80835.75,2004,HR
20160225,SM,23,68,IH0020,355,0.077,358,0.737,ML W,000706077,RECONSTRUCTION ROADWAY - WESTBOUND LANES ONLY,,OV,,"REWORK BS MTL (TY B) (8"") (DENS CONT)",Flexible base,251,100,4,8,,201201,20121212,,,64559.88,2004,HR
20160225,SM,23,68,IH0020,355,0.077,358,0.737,ML W,000706077,RECONSTRUCTION ROADWAY - WESTBOUND LANES ONLY,,OV,,"CEMENT TREAT(EXIST MATL)(8"") | CEMENT",Cement treated base,275,105,5,8,,201201,20121212,,,8054.45,2004,HR
20160225,SM,23,68,IH0020,355,0.077,358,0.737,ML W,000706077,RECONSTRUCTION ROADWAY - WESTBOUND LANES ONLY,,OV,,"PLANE ASPH CONC PAV(0"" TO 3"") | PLANE ASPH CONC PAV (8"")",Milling,354,115,3,8,,201201,20121212,86742,SY,2.05,2004,HR
20160225,SM,23,68,IH0020,355,0.077,358,0.737,ML W,000706077,RECONSTRUCTION ROADWAY - WESTBOUND LANES ONLY,,OV,,"CONC PVMT (CONT REINF-CRCP)(13"")",Concrete pavement,360,125,1,13,,201201,20121212,,,3477987.5,2004,HR
20160225,SM,23,68,IH0020,355,0.077,358,0.737,ML W,000706077,RECONSTRUCTION ROADWAY - WESTBOUND LANES ONLY,,OV,,D-GR HMA(QCQA) TY-B PG64-22 | D-GR HMA(QCQA) TY-C PG64-22 | PLACEMENT BONUS/PENALTY | PRODUCTION BONUS/PENALTY | D-GR HMA(QCQA) TY-C SAC-B PG76-22 | D-GR HMA(QCQA) TY-F PG64-22,Dense-graded HMA,3224,380,2,3,,201201,20121212,,,1022317,2004,HR
20160225,SM,23,68,IH0020,358,0.708,360,0.954,ML EW,000706081,"PLANE, UNDERSEAL, AND AC OVERLAY & STRIPING",,OV,,"ASPH (AC-15P, AC-20-XP, OR AC-10-2TR) | AGGR (TY-PB GR-4 OR TY-PL GR-4 SAC-B)",Seal coat grade 4,316,65,2,,,201006,20101111,,,154257.4,2004,PM
20160225,SM,23,68,IH0020,358,0.708,360,0.954,ML EW,000706081,"PLANE, UNDERSEAL, AND AC OVERLAY & STRIPING",,OV,,PLACEMENT BONUS/PENALTY | PRODUCTION BONUS/PENALTY | STONE-MTRX-ASPH SMA-D SAC-B PG76-22,Stone matrix asphalt SMA-D,346,75,1,,,201006,20101111,,,870282,2004,PM
20160225,SM,23,68,IH0020,358,0.708,360,0.954,ML EW,000706081,"PLANE, UNDERSEAL, AND AC OVERLAY & STRIPING",,OV,,"FLEXIBLE PAVEMENT STRUCTURE REPAIR(12"")",Flexible base,351,80,4,12,,201006,20101111,,,233750,2004,PM
20160225,SM,23,68,IH0020,358,0.708,360,0.954,ML EW,000706081,"PLANE, UNDERSEAL, AND AC OVERLAY & STRIPING",,OV,,"PLANE ASPH CONC PAV (2""-3"")",Milling,354,85,3,3,,201006,20101111,,,88328.7,2004,PM
20160225,SM,23,68,FM2945,450,1.355,458,1.283,ML EW,000714005,SEAL COAT,,SC,,"ASPH (CRS-2 OR CRS-2H) | AGGR (TY-PB GR-4 OR TY-PL GR-4)(SAC-B) | ASPH (AC-20-XP, AC-15P OR AC-10-2TR) | AGGR (TY PB GR3)(LOAD, HAUL & DISTRB) | AGGR(TY-B GR-4 OR TY-L GR-4 SAC-B)",Seal coat 2 CR,316,295,1,,,200811,20091010,,,4946345.714,2004,
20160225,SM,23,215,US0180,476,1.226,476,1.716,ML,001108023,"GRADING, CONCRETE PAVEMENT, CURB AND GUTTER, SIDEWALK REPLACE WATER AND SEWER LINES, AND ACP SURFACE.",,RER,,RMV STB BS AND/OR ASH PAV (CL 2)VAR DEP,Milling,105,110,5,,,200312,20050909,,,7040,1993,
20160225,SM,23,215,US0180,476,1.226,476,1.716,ML,001108023,"GRADING, CONCRETE PAVEMENT, CURB AND GUTTER, SIDEWALK REPLACE WATER AND SEWER LINES, AND ACP SURFACE.",,RER,,"CEM TRT (EXIST MATL)(STRNGT-L)(6"")(DC) | CEMENT",Cement treated base,275,125,7,6,,200312,20050909,,,37539.5,1993,
20160225,SM,23,215,US0180,476,1.226,476,1.716,ML,001108023,"GRADING, CONCRETE PAVEMENT, CURB AND GUTTER, SIDEWALK REPLACE WATER AND SEWER LINES, AND ACP SURFACE.",,RER,,"AGGR (TY PB, GR 4)",Seal coat grade 4,316,140,3,,,200312,20050909,,,7000,1993,
20160225,SM,23,215,US0180,476,1.226,476,1.716,ML,001108023,"GRADING, CONCRETE PAVEMENT, CURB AND GUTTER, SIDEWALK REPLACE WATER AND SEWER LINES, AND ACP SURFACE.",,RER,,HOT MIX-COLD LAID ASPH CONC PAV (TY F),Hot mix cold laid HMCL,334,147,4,,,200312,20050909,,,1810.82,1993,
20160225,SM,23,215,US0180,476,1.226,476,1.716,ML,001108023,"GRADING, CONCRETE PAVEMENT, CURB AND GUTTER, SIDEWALK REPLACE WATER AND SEWER LINES, AND ACP SURFACE.",,RER,,PLAN & TEXT ASPH CONC PAV (2 IN),Milling,354,150,6,2,,200312,20050909,,,12405,1993,
20160225,SM,23,215,US0180,476,1.226,476,1.716,ML,001108023,"GRADING, CONCRETE PAVEMENT, CURB AND GUTTER, SIDEWALK REPLACE WATER AND SEWER LINES, AND ACP SURFACE.",,RER,,"CONC PAV (CONT REINF)(10 "")",Concrete pavement,360,155,1,10,,200312,20050909,,,611119.6,1993,
20160225,SM,23,215,US0180,476,1.226,476,1.716,ML,001108023,"GRADING, CONCRETE PAVEMENT, CURB AND GUTTER, SIDEWALK REPLACE WATER AND SEWER LINES, AND ACP SURFACE.",,RER,,HOT MIX (TY D)(SURF) | HOT MIX (TY B),Dense-graded HMA,3146,435,2,,,200312,20050909,4487,TON,69.5,1993,
20160225,SM,23,42,US0084,510,0,518,1.833,ML EW,005402030,SEAL COAT,,SC,,"ASPH (CRS-2 OR CRS-2H) | AGGR (TY-PB GR-4 OR TY-PL GR-4)(SAC-B) | ASPH (AC-20-XP, AC-15P OR AC-10-2TR) | AGGR (TY PB GR3)(LOAD, HAUL & DISTRB) | AGGR(TY-B GR-4 OR TY-L GR-4 SAC-B)",Seal coat 2 CR,316,190,1,,,200811,20091010,,,4626212.35,2004,
20160225,SM,23,25,US0067,572,1.139,572,0.339,ML,005406079,CONSTRUCT DECELERATION LANE AND AN INTERSECTION,,RER,,SUBGRADE WIDENING (DENS CONT),Subgrade,112,100,5,,,200506,20060505,,,29943,2004,
20160225,SM,23,25,US0067,572,1.139,572,0.339,ML,005406079,CONSTRUCT DECELERATION LANE AND AN INTERSECTION,,RER,,EMBANKMENT (FINAL)(DENS CONT)(TY C),Fill,132,105,4,,,200506,20060505,,,43928.92,2004,
20160225,SM,23,25,US0067,572,1.139,572,0.339,ML,005406079,CONSTRUCT DECELERATION LANE AND AN INTERSECTION,,RER,,AGGR(TY-PB GR-4 SAC-B) | ASPH (AC-5 OR AC-10),Seal coat grade 4,316,130,2,,,200506,20060505,,,32637.53,2004,
20160225,SM,23,25,US0067,572,1.139,572,0.339,ML,005406079,CONSTRUCT DECELERATION LANE AND AN INTERSECTION,,RER,,D-GR HMA(QCQA) TY-D PG76-22 | PLACEMENT BONUS/PENALTY | PRODUCTION BONUS/PENALTY | D-GR HMA(QCQA) TY-B PG64-22,Dense-graded HMA,341,140,1,,,200506,20060505,,,544537.1,2004,
20160225,SM,23,25,US0067,572,1.139,572,0.339,ML,005406079,CONSTRUCT DECELERATION LANE AND AN INTERSECTION,,RER,,"PLANE ASPH CONC PAV (2"") | PLANE ASPH CONC PAV(8"" TO 10"")",Milling,354,150,3,8,,200506,20060505,26095,SY,2.235,2004,
20160225,SM,23,25,US0067,570,1.032,570,1.292,ML,005406083,"MILL, OVERLAY, ACP, C&G, ADA RAMPS, SIDEWALKS",,RER,,EMBANKMENT (FINAL)(DENS CONT)(TY A),Fill,132,93,7,,,200608,20080303,,,6480,2004,
20160225,SM,23,25,US0067,570,1.032,570,1.292,ML,005406083,"MILL, OVERLAY, ACP, C&G, ADA RAMPS, SIDEWALKS",,RER,,FL BS (CMP IN PLC)(TY A GR 2)(FNAL POS),Flexible base Gr 2,247,135,5,,,200608,20080303,,,9464,2004,
20160225,SM,23,25,US0067,570,1.032,570,1.292,ML,005406083,"MILL, OVERLAY, ACP, C&G, ADA RAMPS, SIDEWALKS",,RER,,"CEMENT | CEMENT TREAT (SUBGRADE) (8"")",Cement treated subgrade,275,137,6,8,,200608,20080303,,,12630.9582,2004,
20160225,SM,23,25,US0067,570,1.032,570,1.292,ML,005406083,"MILL, OVERLAY, ACP, C&G, ADA RAMPS, SIDEWALKS",,RER,,AGGR(TY-PB GR-4 SAC-B) | ASPH (AC-5 OR AC-10),Seal coat grade 4,316,140,2,,,200608,20080303,,,75503,2004,
20160225,SM,23,25,US0067,570,1.032,570,1.292,ML,005406083,"MILL, OVERLAY, ACP, C&G, ADA RAMPS, SIDEWALKS",,RER,,D-GR HMA(METH) TY-D SAC-B PG64-22,Dense-graded TY-D,340,150,3,,,200608,20080303,,,20900,2004,
20160225,SM,23,25,US0067,570,1.032,570,1.292,ML,005406083,"MILL, OVERLAY, ACP, C&G, ADA RAMPS, SIDEWALKS",,RER,,D-GR HMA(QCQA) TY-D PG76-22 | PLACEMENT BONUS/PENALTY | PRODUCTION BONUS/PENALTY | D-GR HMA(QCQA) TY-B PG64-22,Dense-graded HMA,341,155,1,,,200608,20080303,,,1665854.475,2004,
20160225,SM,23,25,US0067,570,1.032,570,1.292,ML,005406083,"MILL, OVERLAY, ACP, C&G, ADA RAMPS, SIDEWALKS",,RER,,"PLANE ASPH CONC PAV(0"" TO 2"") | PLANE ASPH CONC PAV(0"" TO 6"") | PLANE ASPH CONC PAV (0-14"")",Milling,354,165,4,6,,200608,20080303,49555,SY,5.503333333,2004,
20160225,SM,23,25,US0067,572,0.586,572,-0.148,ML NS,005406087,REHABILITATE EXISTING ROADWAY TO URBAN C&G SECTION,,RER,,EMBANKMENT (FINAL)(DENS CONT)(TY A),Fill,132,85,8,,,200703,20080909,,,5280,2004,
20160225,SM,23,25,US0067,572,0.586,572,-0.148,ML NS,005406087,REHABILITATE EXISTING ROADWAY TO URBAN C&G SECTION,,RER,,"FL BS (CMP IN PLC)(TY A GR 4)(4"")",Flexible base Gr 4,247,105,6,4,,200703,20080909,,,25740,2004,
20160225,SM,23,25,US0067,572,0.586,572,-0.148,ML NS,005406087,REHABILITATE EXISTING ROADWAY TO URBAN C&G SECTION,,RER,,"CEMENT | CEMENT TREAT (SUBGRADE) (8"")",Cement treated subgrade,260,111,7,8,,200703,20080909,,,9926,2004,
20160225,SM,23,25,US0067,572,0.586,572,-0.148,ML NS,005406087,REHABILITATE EXISTING ROADWAY TO URBAN C&G SECTION,,RER,,ASPH (AC-20-5TR) | AGGR(TY-PC GR-3 SAC-A),Seal coat grade 3,316,121,2,,,200703,20080909,,,105008.31,2004,
20160225,SM,23,25,US0067,572,0.586,572,-0.148,ML NS,005406087,REHABILITATE EXISTING ROADWAY TO URBAN C&G SECTION,,RER,,HMCL ACP TY-D AC-0.6,Hot mix cold laid HMCL,334,130,3,,,200703,20080909,,,2000,2004,
20160225,SM,23,25,US0067,572,0.586,572,-0.148,ML NS,005406087,REHABILITATE EXISTING ROADWAY TO URBAN C&G SECTION,,RER,,D-GR HMA(METH) TY-D SAC-B PG64-22,Dense-graded TY-D,340,135,1,4,,200703,20080909,,,27527.25,2004,
20160225,SM,23,25,US0067,572,0.586,572,-0.148,ML NS,005406087,REHABILITATE EXISTING ROADWAY TO URBAN C&G SECTION,,RER,,D-GR HMA(QCQA) TY-B PG64-22 | PLACEMENT BONUS/PENALTY | D-GR HMA(QCQA) TY-D PG70-22 | PRODUCTION BONUS/PENALTY,Dense-graded HMA,341,140,4,,,200703,20080909,,,1511442.02,2004,
20160225,SM,23,25,US0067,572,0.586,572,-0.148,ML NS,005406087,REHABILITATE EXISTING ROADWAY TO URBAN C&G SECTION,,RER,,"PLANE ASPH CONC PAV(0"" TO 12"") | PLANE ASPH CONC PAV(0"" TO 4"")",Milling,354,150,5,4,,200703,20080909,,,3.25,2004,
20160225,SM,23,25,US0067,572,1.209,576,0.559,ML NS,005406090,MILL AND OVERLAY,,RER,,EMBANKMENT (FINAL)(ORD COMP)(TY C),Fill,132,70,7,,,200904,20091111,,,10710,2004,
20160225,SM,23,25,US0067,572,1.209,576,0.559,ML NS,005406090,MILL AND OVERLAY,,RER,,PRIME COAT (AE-P),Prime coat,310,93,5,,,200904,20091111,,,21175,2004,
20160225,SM,23,25,US0067,572,1.209,576,0.559,ML NS,005406090,MILL AND OVERLAY,,RER,,"ASPH(AC-10,AC-15P,AC-20XP,OR AC-10-2TR) | AGGR(TY-B GR-4 SAC-B)",Seal coat grade 4,316,95,2,,,200904,20091111,,,174109.6,2004,
20160225,SM,23,25,US0067,572,1.209,576,0.559,ML NS,005406090,MILL AND OVERLAY,,RER,,HMCL ACP TY-F SAC-B AC-1.5,Hot mix cold laid HMCL,334,105,3,,,200904,20091111,,,9100,2004,
20160225,SM,23,25,US0067,572,1.209,576,0.559,ML NS,005406090,MILL AND OVERLAY,,RER,,D-GR HMA(QCQA) TY-B PG64-22 | PLACEMENT BONUS/PENALTY | D-GR HMA(QCQA) TY-D SAC-B PG70-22 | PRODUCTION BONUS/PENALTY,Dense-graded HMA,341,110,1,2,,200904,20091111,15659,TON,923770.3,2004,
20160225,SM,23,25,US0067,572,1.209,576,0.559,ML NS,005406090,MILL AND OVERLAY,,RER,,"FLEXIBLE PAVEMENT STRUCTURE REPAIR(6"")",Flexible base,351,120,6,6,,200904,20091111,,,65250,2004,
20160225,SM,23,25,US0067,572,1.209,576,0.559,ML NS,005406090,MILL AND OVERLAY,,RER,,"PLANE ASPH CONC PAV(0"" TO 6"")",Milling,354,125,4,6,,200904,20091111,140134,SY,89685.76,2004,
20160225,SM,23,25,US0067,580,1.223,586,0,ML NS,005406093,SEAL COAT,,SC,,"AGGR(TY-PB GR-3 SAC-B) | ASPH (TIER II) | ASPH (AC-15P, AC-20-XP, OR AC-10-2TR) | AGGR (TY-PB GR-4 OR TY-PL GR-4)(SAC-B) | ASPH (TIER I)",Seal coat 2 CR,316,180,1,,,201011,20110909,,,3829957.6,2004,PM
20160225,SM,23,25,US0067,568,1.885,570,0.333,ML NS,005407064,"MILL, OVERLAY ACP, C&G, ADA RAMPS, SIDEWALKS",,RER,,EMBANKMENT (FINAL)(DENS CONT)(TY C),Fill,132,105,6,,,200803,20090101,,,40639.3,2004,
20160225,SM,23,25,US0067,568,1.885,570,0.333,ML NS,005407064,"MILL, OVERLAY ACP, C&G, ADA RAMPS, SIDEWALKS",,RER,,FL BS (CMP IN PLC)(TY A GR 2)(FNAL POS),Flexible base Gr 2,247,130,5,,,200803,20090101,,,11132,2004,
20160225,SM,23,25,US0067,568,1.885,570,0.333,ML NS,005407064,"MILL, OVERLAY ACP, C&G, ADA RAMPS, SIDEWALKS",,RER,,HMCL ACP TY-F SAC-B AC-1.5,Hot mix cold laid HMCL,334,135,3,,,200803,20090101,,,2318.8,2004,
20160225,SM,23,25,US0067,568,1.885,570,0.333,ML NS,005407064,"MILL, OVERLAY ACP, C&G, ADA RAMPS, SIDEWALKS",,RER,,D-GR HMA(METH) TY-D PG64-22,Dense-graded TY-D,341,140,1,1.5,,200803,20090101,,,12679.92,2004,
20160225,SM,23,25,US0067,568,1.885,570,0.333,ML NS,005407064,"MILL, OVERLAY ACP, C&G, ADA RAMPS, SIDEWALKS",,RER,,D-GR HMA(QCQA) TY-B PG64-22 | D-GR HMA(QCQA) TY-D PG76-22 | PLACEMENT BONUS/PENALTY | PRODUCTION BONUS/PENALTY,Dense-graded HMA,341,145,2,12,,200803,20090101,,,1579741.43,2004,
20160225,SM,23,25,US0067,568,1.885,570,0.333,ML NS,005407064,"MILL, OVERLAY ACP, C&G, ADA RAMPS, SIDEWALKS",,RER,,"PLANE CONC PAV(0"" TO 1-1/2"") | PLANE ASPH CONC PAV(0"" TO 6"")",Milling,354,155,4,6,,200803,20090101,24443,SY,2.385,2004,
20160225,SM,23,25,US0084,566,-0.081,566,1.088,ML EW,005407067,REHAB & UPGRADE TO AN URBAN CURB & GUTTER SECTION,,RER,,EMBANKMENT (FINAL)(DENS CONT)(TY C),Fill,132,80,7,,,201206,20140808,,,31140,2004,LR
20160225,SM,23,25,US0084,566,-0.081,566,1.088,ML EW,005407067,REHAB & UPGRADE TO AN URBAN CURB & GUTTER SECTION,,RER,,FL BS (CMP IN PLC)(TY D GR 2)(FNAL POS),Flexible base Gr 2,247,107,5,,,201206,20140808,,,39000,2004,LR
20160225,SM,23,25,US0084,566,-0.081,566,1.088,ML EW,005407067,REHAB & UPGRADE TO AN URBAN CURB & GUTTER SECTION,,RER,,"REWORK BS MTL (TY B)(20"")(DENS CONT)",Flexible base,251,110,6,10,,201206,20140808,,,234648.44,2004,LR
20160225,SM,23,25,US0084,566,-0.081,566,1.088,ML EW,005407067,REHAB & UPGRADE TO AN URBAN CURB & GUTTER SECTION,,RER,,PRIME COAT (MC-30 OR AE-P),Prime coat,310,115,4,,,201206,20140808,,,38993.4,2004,LR
20160225,SM,23,25,US0084,566,-0.081,566,1.088,ML EW,005407067,REHAB & UPGRADE TO AN URBAN CURB & GUTTER SECTION,,RER,,AGGR(TY-PB GR-3 SAC-B) | ASPH (AC-15P OR AC-20XP),Seal coat grade 3,316,120,2,,,201206,20140808,,,40732,2004,LR
20160225,SM,23,25,US0084,566,-0.081,566,1.088,ML EW,005407067,REHAB & UPGRADE TO AN URBAN CURB & GUTTER SECTION,,RER,,HMCL ACP TY-F SAC-B AC-1.5,Hot mix cold laid HMCL,334,130,3,,,201206,20140808,,,500,2004,LR
20160225,SM,23,25,US0084,566,-0.081,566,1.088,ML EW,005407067,REHAB & UPGRADE TO AN URBAN CURB & GUTTER SECTION,,RER,,D-GR HMA(QCQA) TY-B PG64-22 | PLACEMENT BONUS/PENALTY | D-GR HMA(QCQA) TY-D SAC-B PG70-22 | PRODUCTION BONUS/PENALTY,Dense-graded HMA,3224,575,1,2,,201206,20140808,,,1849251.25,2004,LR
20160225,SM,23,25,US0067,568,0.889,568,1.885,ML NS,005407070,"PLANING, ACP, SEAL COAT, PAVEMENT MARKINGS",,RER,,"CEMENT TREAT(EXIST MATL)(8"") | CEMENT",Cement treated base,275,65,4,8,,200708,20080505,,,29388.03,2004,
20160225,SM,23,25,US0067,568,0.889,568,1.885,ML NS,005407070,"PLANING, ACP, SEAL COAT, PAVEMENT MARKINGS",,RER,,ASPH (AC-20-5TR) | AGGR(TY-PB GR-4 SAC-B),Seal coat grade 4,316,75,3,,,200708,20080505,,,31625.24,2004,
20160225,SM,23,25,US0067,568,0.889,568,1.885,ML NS,005407070,"PLANING, ACP, SEAL COAT, PAVEMENT MARKINGS",,RER,,D-GR HMA(QCQA) TY-B PG64-22 | D-GR HMA(QCQA) TY-D PG76-22 | PLACEMENT BONUS/PENALTY | PRODUCTION BONUS/PENALTY,Dense-graded HMA,341,85,1,12,,200708,20080505,,,1500991.408,2004,
20160225,SM,23,25,US0067,568,0.889,568,1.885,ML NS,005407070,"PLANING, ACP, SEAL COAT, PAVEMENT MARKINGS",,RER,,"PLANE ASPH CONC PAV(0"" TO 2"") | PLANE ASPH CONC PAV (0-14"")",Milling,354,95,2,13.5,,200708,20080505,50059,SY,3.39,2004,
20160225,SM,23,167,US0084,580,0.689,586,1.555,ML EW,005408026,ADD PASSING LANES,,RER,,EMBANKMENT (FINAL)(DENS CONT)(TY B),Fill,132,80,4,,,201206,20130808,,,19112,2004,PM
20160225,SM,23,167,US0084,580,0.689,586,1.555,ML EW,005408026,ADD PASSING LANES,,RER,,FL BS (CMP IN PLC)(TY D GR 2)(FNAL POS),Flexible base Gr 2,247,110,3,,,201206,20130808,,,878199.08,2004,PM
20160225,SM,23,167,US0084,580,0.689,586,1.555,ML EW,005408026,ADD PASSING LANES,,RER,,PRIME COAT (MC-30 OR AE-P),Prime coat,310,115,2,,,201206,20130808,,,38564.76,2004,PM
20160225,SM,23,167,US0084,580,0.689,586,1.555,ML EW,005408026,ADD PASSING LANES,,RER,,ASPH(AC-15P OR AC-20-5TR OR AC-20XP) | AGGR(TY-PB GR-3 SAC-B) | AGGR(TY-PB GR-4 SAC-B) | ASPH (AC-10 OR CRS-1P),Seal coat 2 CR,316,120,1,,,201206,20130808,,,753503.09,2004,PM
20160225,SM,23,167,US0084,596,1.428,606,0.543,ML EW,005501025,"SCARIFY AND RESHAPE BASE, NEW BASE, STRUCTURES, AND SURFACING",,RER,,EMBANKMENT (FINAL)(DENS CONT)(TY C) | EMBANKMENT (FINAL)(ORD COMP)(TY B),Fill,132,80,8,,,200905,20130303,23015,CY,4.79,2004,HR
20160225,SM,23,167,US0084,596,1.428,606,0.543,ML EW,005501025,"SCARIFY AND RESHAPE BASE, NEW BASE, STRUCTURES, AND SURFACING",,RER,,FL BS (CMP IN PLC)(TY E GR 4)(FNAL POS) | FL BS (CMP IN PLC)(TY A GR 4)(FNAL POS),Flexible base,247,120,6,12,,200905,20130303,127089.9,CY,12,2004,HR
20160225,SM,23,167,US0084,596,1.428,606,0.543,ML EW,005501025,"SCARIFY AND RESHAPE BASE, NEW BASE, STRUCTURES, AND SURFACING",,RER,,"REWORK BS MTL (TY D) (10"")(DENS CONT)",Flexible base,251,125,7,6,,200905,20130303,,,87666.25,2004,HR
20160225,SM,23,167,US0084,596,1.428,606,0.543,ML EW,005501025,"SCARIFY AND RESHAPE BASE, NEW BASE, STRUCTURES, AND SURFACING",,RER,,PRIME COAT (MC-30 OR AE-P),Prime coat,310,130,5,,,200905,20130303,,,211782.96,2004,HR
20160225,SM,23,167,US0084,596,1.428,606,0.543,ML EW,005501025,"SCARIFY AND RESHAPE BASE, NEW BASE, STRUCTURES, AND SURFACING",,RER,,"ASPH (AC-20-5TR) | AGGR(TY-PB GR-3 SAC-B) | AGGR(TY-PB GR-4 SAC-B) | LOAD, HAUL & DISTRB AGGR (TY PB GR 3) | ASPH (AC-10) | ASPH (CRS-1P)",Seal coat 2 CR,316,135,2,,,200905,20130303,,,798649.24,2004,HR
20160225,SM,23,167,US0084,596,1.428,606,0.543,ML EW,005501025,"SCARIFY AND RESHAPE BASE, NEW BASE, STRUCTURES, AND SURFACING",,RER,,HMCL ACP TY-F SAC-B AC-1.5,Hot mix cold laid HMCL,334,160,3,,,200905,20130303,,,9336,2004,HR
20160225,SM,23,167,US0084,596,1.428,606,0.543,ML EW,005501025,"SCARIFY AND RESHAPE BASE, NEW BASE, STRUCTURES, AND SURFACING",,RER,,"PLANE CONC PAV(0"" TO 1-1/2"")",Milling,354,165,4,1.5,,200905,20130303,,,3034.8,2004,HR
20160225,SM,23,167,US0084,596,1.428,606,0.543,ML EW,005501025,"SCARIFY AND RESHAPE BASE, NEW BASE, STRUCTURES, AND SURFACING",,RER,,D-GR HMA(QCQA) TY-D PG64-22,Dense-graded TY-D,3224,162,1,1.5,,200905,20130303,,,287970,2004,HR
20160225,SM,23,160,US0087,542,1.452,546,0.961,ML,007006040,SEAL COAT,,SC,,ASPH (AC-20XP) | AGGR(TY-B GR-4 SAC-B) | AGGR(TY-PB GR-4 SAC-B) | AGGR(TY-L GR-3LW SAC-B) | ASPH (CRS-2P) | AGGR (INTER)(TY-B GR-4 SAC-B) | AGGR(TY-PB GR-4S SAC-B) | AGGR (INTER)(TY-PB GR-4S SAC-B) | ASPH (INTER)(AC-20XP) | AGGR (INTER)(TY-PB GR-4 SAC-B) | ASPH (INTER)(CRS-2P),Seal coat 2 CR,316,290,1,,,200412,20051010,,,5413489.87,2004,
20160225,SM,23,47,US0067,546,0.168,556,0,ML NS,007902048,SEAL COAT,,SC,,"AGGR(TY-PB GR-4 SAC-B) | LOAD, HAUL & DISTRB AGGR (GR 4)",Seal coat grade 4,316,183,1,,,201311,20140808,,,41,2004,PM
20160225,SM,23,47,US0067,546,0.168,556,0,ML NS,007902048,SEAL COAT,,SC,,ASPH (TIER I) | AGGR (TIER II) | AGGR (GR 3) | ASPH (TIER II) | AGGR (TIER I),Seal coat grade 3,3278,285,2,,,201311,20140808,,,3688813.186,2004,PM
20160225,SM,23,47,US0067,536,0.819,528,1.625,ML NS,007903042,ADD PASSING LANES,,RER,,EMBANKMENT (FINAL)(DENS CONT)(TY C),Fill,132,70,4,,,201107,20120606,,,87598,2004,NA
20160225,SM,23,47,US0067,536,0.819,528,1.625,ML NS,007903042,ADD PASSING LANES,,RER,,FL BS (CMP IN PLC)(TY D GR 4)(FNAL POS),Flexible base Gr 4,247,100,3,,,201107,20120606,,,298045.5,2004,NA
20160225,SM,23,47,US0067,536,0.819,528,1.625,ML NS,007903042,ADD PASSING LANES,,RER,,ASPH (AC-15P) | AGGR(TY-PB GR-4 SAC-B) | ASPH (RC-250) | AGGR(TY-B GR-5 SAC-B),Seal coat 2 CR,316,115,1,,,201107,20120606,,,355442.02,2004,NA
20160225,SM,23,68,SH0006,332,0,336,1.529,ML,012603027,"BASE OVERLAY, SURFACE TREAT, AND SAFETY STRUCTURES",,RER,,EMBANK (ORD COMP)(TY B)(CL 2),Fill,132,60,5,,,200211,20030707,,,10130,1993,
20160225,SM,23,68,SH0006,332,0,336,1.529,ML,012603027,"BASE OVERLAY, SURFACE TREAT, AND SAFETY STRUCTURES",,RER,,FL BS (COMPL IN PLAC)(TY A GR6 CL 4),Flexible base Gr 6,247,80,3,,,200211,20030707,,,385637.94,1993,
20160225,SM,23,68,SH0006,332,0,336,1.529,ML,012603027,"BASE OVERLAY, SURFACE TREAT, AND SAFETY STRUCTURES",,RER,,"REWRKING BS MATL (DC)(TY D CL 2)(5"")",Flexible base,251,85,4,5,,200211,20030707,,,169117.85,1993,
20160225,SM,23,68,SH0006,332,0,336,1.529,ML,012603027,"BASE OVERLAY, SURFACE TREAT, AND SAFETY STRUCTURES",,RER,,EMULS ASPH (MS-2 OR AE-P),Fog seal,314,90,1,,,200211,20030707,,,45336.25,1993,
20160225,SM,23,68,SH0006,332,0,336,1.529,ML,012603027,"BASE OVERLAY, SURFACE TREAT, AND SAFETY STRUCTURES",,RER,,"ASPH (AC-5 OR MC-2400 LATEX) | ASPH (AC-15-5TR) | AGGR (TY PB, GR 4) | AGGR (TY B, GR3)",Seal coat 2 CR,316,95,2,,,200211,20030707,,,211850.75,1993,
20160225,SM,23,25,US0377,432,0.253,448,0.636,ML NS,012801102,SEAL COAT,,SC,,AGGR (TIER II) | ASPH (TIER II)(EMUL) | AGGR (TIER I) | ASPH (TIER I),Seal coat,3235,375,1,,,201211,20130909,,,5502710.468,2004,PM
20160225,SM,23,25,FM3064,458,-0.041,458,1.215,ML,012802011,"REHAB ROADWAY, CURB & GUTTER, AND SIDEWALK",,RER,,EMBANK (DENS CONT)(TY C)(CL 3),Fill,132,90,10,,,200405,20060101,,,26820,1993,
20160225,SM,23,25,FM3064,458,-0.041,458,1.215,ML,012802011,"REHAB ROADWAY, CURB & GUTTER, AND SIDEWALK",,RER,,FL BS (COMPL IN PLAC)(TY A GR6 CL 4),Flexible base Gr 6,247,130,6,,,200405,20060101,,,348520.2742,1993,
20160225,SM,23,25,FM3064,458,-0.041,458,1.215,ML,012802011,"REHAB ROADWAY, CURB & GUTTER, AND SIDEWALK",,RER,,REWRKING BS MATL (TY C CL 5),Flexible base,251,135,7,,,200405,20060101,,,17281.25,1993,
20160225,SM,23,25,FM3064,458,-0.041,458,1.215,ML,012802011,"REHAB ROADWAY, CURB & GUTTER, AND SIDEWALK",,RER,,"LIME TREAT SUBGR (DC)(6 "") | LIME (TY C)(DRY)",Lime treated subgrade,260,140,8,6,,200405,20060101,,,25945.5,1993,
20160225,SM,23,25,FM3064,458,-0.041,458,1.215,ML,012802011,"REHAB ROADWAY, CURB & GUTTER, AND SIDEWALK",,RER,,"CEM TRT (NEWBS)(STRNG-O)(12"")(OC) | CEMENT",Cement treated base,275,147,9,12,,200405,20060101,,,3487.268,1993,
20160225,SM,23,25,FM3064,458,-0.041,458,1.215,ML,012802011,"REHAB ROADWAY, CURB & GUTTER, AND SIDEWALK",,RER,,ASPH MATRL (AE-P),Prime coat,310,150,5,,,200405,20060101,,,14463.58,1993,
20160225,SM,23,25,FM3064,458,-0.041,458,1.215,ML,012802011,"REHAB ROADWAY, CURB & GUTTER, AND SIDEWALK",,RER,,"ASPH (CRS-2) | AGGR (TY B, GR4 MOD) | AGGR (TY PB, GR 4) | ASPH (AC-20-5TR OR MC-2400 W/ LATEX) | ASPH (AC-5 OR AC-10)",Seal coat grade 4,316,152,3,,,200405,20060101,,,74939.35,1993,
20160225,SM,23,25,FM3064,458,-0.041,458,1.215,ML,012802011,"REHAB ROADWAY, CURB & GUTTER, AND SIDEWALK",,RER,,"PLANE ASPH CONC PAV (0"" TO 3"") | PLANE ASPH CONC PAV (4"" TO 8"")",Milling,354,170,4,8,,200405,20060101,25520,SY,1.85,1993,
20160225,SM,23,25,FM3064,458,-0.041,458,1.215,ML,012802011,"REHAB ROADWAY, CURB & GUTTER, AND SIDEWALK",,RER,,HOT MIX (TY D)(SURF)(PG 76-22),Dense-graded TY-D,3146,550,2,,,200405,20060101,,,268476,1993,
20160225,SM,23,25,FM3064,458,-0.041,458,1.215,ML,012802011,"REHAB ROADWAY, CURB & GUTTER, AND SIDEWALK",,RER,,"COLORED-TEXTURIZED CONCRETE (4"")",Concrete pavement,5559,605,1,4,,200405,20060101,,,19488,1993,
20160225,SM,23,68,SH0036,348,1.936,352,1.876,ML,018201012,PFC OVERLAY AND STRIPING,,OV,,PRIME COAT (MC-30),Prime coat,310,60,6,,,200502,20060101,,,1800,2004,
20160225,SM,23,68,SH0036,348,1.936,352,1.876,ML,018201012,PFC OVERLAY AND STRIPING,,OV,,AGGR(TY-B GR-4S SAC-B) | ASPH (AC-5 OR AC-10),Seal coat grade 4,316,70,3,,,200502,20060101,,,174050,2004,
20160225,SM,23,68,SH0036,348,1.936,352,1.876,ML,018201012,PFC OVERLAY AND STRIPING,,OV,,LRA PAV TY-I GR-D,Limestone rock asphalt LRA,330,85,5,,,200502,20060101,,,5400,2004,
20160225,SM,23,68,SH0036,348,1.936,352,1.876,ML,018201012,PFC OVERLAY AND STRIPING,,OV,,D-GR HMA(QCQA) TY-D SAC-B PG76-22,Dense-graded TY-D,341,87,2,,,200502,20060101,6902,TON,64.91,2004,
20160225,SM,23,68,SH0036,348,1.936,352,1.876,ML,018201012,PFC OVERLAY AND STRIPING,,OV,,PFC (ASPHALT) A-R-BNDR | PFC (AGGREGATE)(A-R MIX) SAC-B,Permeable friction course PFC,342,90,1,,,200502,20060101,16306,TON,211.4,2004,
20160225,SM,23,68,SH0036,348,1.936,352,1.876,ML,018201012,PFC OVERLAY AND STRIPING,,OV,,"PLANE ASPH CONC PAV(0"" TO 3"")",Milling,354,110,4,3,,200502,20060101,,,50251.32,2004,
20160225,SM,23,47,SH0036,386,0.796,394,0.039,ML,018301031,BASE OVERLAY AND SURFACE TREATMENT,,RER,,EMBANK (ORD COMP)(TY B)(CL 2),Fill,132,75,6,,,200209,20040707,,,11529,1993,
20160225,SM,23,47,SH0036,386,0.796,394,0.039,ML,018301031,BASE OVERLAY AND SURFACE TREATMENT,,RER,,FL BS (COMPL IN PLAC)(TY A GR6 CL 4),Flexible base Gr 6,247,100,4,,,200209,20040707,,,596700,1993,
20160225,SM,23,47,SH0036,386,0.796,394,0.039,ML,018301031,BASE OVERLAY AND SURFACE TREATMENT,,RER,,"REWRKING BS MATL (DC)(TY D CL 2)(8"")",Flexible base,251,105,5,8,,200209,20040707,,,218380.5,1993,
20160225,SM,23,47,SH0036,386,0.796,394,0.039,ML,018301031,BASE OVERLAY AND SURFACE TREATMENT,,RER,,ASPH MATRL (AE-P),Prime coat,310,560,3,,,200209,20040707,,,45823.05,1993,
20160225,SM,23,47,SH0036,386,0.796,394,0.039,ML,018301031,BASE OVERLAY AND SURFACE TREATMENT,,RER,,"AGGR (TY PB, GR 4)(MOD) | ASPH (AC-10) | ASPH (AC-15-5TR) | AGGR (TY PB, GR 4) | ASPH (AC-15-5TR) OR (MC-2400 W/ LATEX)",Seal coat grade 4,316,120,2,,,200209,20040707,,,398139.07,1993,
20160225,SM,23,47,SH0036,386,0.796,394,0.039,ML,018301031,BASE OVERLAY AND SURFACE TREATMENT,,RER,,ASPH CONC (TY B)(BASE)(PG 70-22),Dense-graded TY-B,340,565,1,,,200209,20040707,,,236731.95,1993,
20160225,SM,23,141,SL0257,508,-0.032,508,0.461,ML NS,023117009,"GRADING, PAVEMENT, CURB & GUTTER, STORM DRAIN, SURFACING AND ILLUMINATION",,RER,,EMBANKMENT (FINAL)(DENS CONT)(TY C),Fill,132,90,4,,,201205,20131212,,,2700,2004,HR
20160225,SM,23,141,SL0257,508,-0.032,508,0.461,ML NS,023117009,"GRADING, PAVEMENT, CURB & GUTTER, STORM DRAIN, SURFACING AND ILLUMINATION",,RER,,"FL BS (CMP IN PLC)(TY A GR 4)(7"") | FL BS (CMP IN PLC)(TY A GR 4)(4"")",Flexible base,247,110,3,7,,201205,20131212,747,SY,32.5,2004,HR
20160225,SM,23,141,SL0257,508,-0.032,508,0.461,ML NS,023117009,"GRADING, PAVEMENT, CURB & GUTTER, STORM DRAIN, SURFACING AND ILLUMINATION",,RER,,PRIME COAT (MC-30 OR AE-P),Prime coat,310,120,2,,,201205,20131212,,,1639,2004,HR
20160225,SM,23,141,SL0257,508,-0.032,508,0.461,ML NS,023117009,"GRADING, PAVEMENT, CURB & GUTTER, STORM DRAIN, SURFACING AND ILLUMINATION",,RER,,D-GR HMA(QCQA) TY-B PG64-22 | D-GR HMA(QCQA) TY-D SAC-B PG64-22 | PLACEMENT BONUS/PENALTY | PRODUCTION BONUS/PENALTY | D-GR HMA(QCQA) TY-D SAC-B PG76-22,Dense-graded HMA,3224,450,1,8,,201205,20131212,,,746990,2004,HR
20160225,SM,23,141,US0281,396,0.037,386,0.981,ML NS,025104022,ADD PASSING LANES,,RER,,EMBANKMENT (FINAL)(DENS CONT)(TY B),Fill,132,90,4,,,201107,20121111,,,6091.8,2004,NA
20160225,SM,23,141,US0281,396,0.037,386,0.981,ML NS,025104022,ADD PASSING LANES,,RER,,FL BS (CMP IN PLC)(TY D GR 4)(FNAL POS),Flexible base Gr 4,247,120,3,,,201107,20121111,,,1143521.573,2004,NA
20160225,SM,23,141,US0281,396,0.037,386,0.981,ML NS,025104022,ADD PASSING LANES,,RER,,PRIME COAT (MC-30 OR AE-P),Prime coat,310,125,2,,,201107,20121111,,,50218,2004,NA
20160225,SM,23,141,US0281,396,0.037,386,0.981,ML NS,025104022,ADD PASSING LANES,,RER,,ASPH (AC-15P) | AGGR(TY-PB GR-4 SAC-B) | ASPH (AC-10 OR CRS-1P),Seal coat grade 4,316,130,1,,,201107,20121111,,,989111.5,2004,NA
20160225,SM,23,141,US0183,448,0.012,446,1.157,ML NS,025106026,"REHABILITATION, CURB, SIDEWALK, DRAINAGE IMPROVEMENTS, ILLUMINATION",,RER,,EMBANKMENT (FINAL)(DENS CONT)(TY C),Fill,132,95,6,,,201008,20130202,,,1830,2004,HR
20160225,SM,23,141,US0183,448,0.012,446,1.157,ML NS,025106026,"REHABILITATION, CURB, SIDEWALK, DRAINAGE IMPROVEMENTS, ILLUMINATION",,RER,,"FL BS (CMP IN PLC)(TY A GR 4)(4"") | FL BS (CMP IN PLC)(TY A GR 4)(7"")",Flexible base,247,115,5,7,,201008,20130202,7536,SY,5.985,2004,HR
20160225,SM,23,141,US0183,448,0.012,446,1.157,ML NS,025106026,"REHABILITATION, CURB, SIDEWALK, DRAINAGE IMPROVEMENTS, ILLUMINATION",,RER,,PRIME COAT (MC-30 OR AE-P),Prime coat,310,125,4,,,201008,20130202,,,6781.5,2004,HR
20160225,SM,23,141,US0183,448,0.012,446,1.157,ML NS,025106026,"REHABILITATION, CURB, SIDEWALK, DRAINAGE IMPROVEMENTS, ILLUMINATION",,RER,,ASPH (AC-20XP OR AC-20-5TR) | AGGR(TY-PB GR-4 SAC-B),Seal coat grade 4,316,130,2,,,201008,20130202,,,26710.52,2004,HR
20160225,SM,23,141,US0183,448,0.012,446,1.157,ML NS,025106026,"REHABILITATION, CURB, SIDEWALK, DRAINAGE IMPROVEMENTS, ILLUMINATION",,RER,,D-GR HMA(QCQA) TY-D SAC-B PG76-22 | PLACEMENT BONUS/PENALTY | PRODUCTION BONUS/PENALTY | D-GR HMA(QCQA) TY-D SAC-B PG64-22 | D-GR HMA(QCQA) TY-B PG64-22,Dense-graded HMA,341,140,1,1.5,,201008,20130202,,,1733688.25,2004,HR
20160225,SM,23,141,US0281,416,-1.86,418,0,ML NS,025106033,"GRADING, BASE, SURFACE, SIGNAL, ILLUMINATION, CURB & GUTTER",,RER,,EMBANKMENT (FINAL)(DENS CONT)(TY B),Fill,132,85,4,,,200809,20090808,,,16151.55,2004,
20160225,SM,23,141,US0281,416,-1.86,418,0,ML NS,025106033,"GRADING, BASE, SURFACE, SIGNAL, ILLUMINATION, CURB & GUTTER",,RER,,FL BS (CMP IN PLC)(TY A GR 4)(FNAL POS),Flexible base Gr 4,247,125,3,,,200809,20090808,,,130885.7,2004,
20160225,SM,23,141,US0281,416,-1.86,418,0,ML NS,025106033,"GRADING, BASE, SURFACE, SIGNAL, ILLUMINATION, CURB & GUTTER",,RER,,EMULS ASPH(BS-SUBGR TRT)(SS-1 OR MS-2),Prime coat,314,130,2,,,200809,20090808,,,7190,2004,
20160225,SM,23,141,US0281,416,-1.86,418,0,ML NS,025106033,"GRADING, BASE, SURFACE, SIGNAL, ILLUMINATION, CURB & GUTTER",,RER,,ASPH (AC-20XP OR AC-20-5TR) | AGGR(TY-PB GR-4 SAC-B),Seal coat grade 4,316,135,1,,,200809,20090808,,,167070.2,2004,
20160225,SM,23,141,US0183,430,1.338,444,0.126,ML NS,027206036,ADD PASSING LANES,,RER,,EMBANKMENT (FINAL)(DENS CONT)(TY B),Fill,132,70,4,,,201206,20130808,,,8508,2004,PM
20160225,SM,23,141,US0183,430,1.338,444,0.126,ML NS,027206036,ADD PASSING LANES,,RER,,FL BS (CMP IN PLC)(TY D GR 2)(FNAL POS),Flexible base Gr 2,247,100,3,,,201206,20130808,,,865587.0232,2004,PM
20160225,SM,23,141,US0183,430,1.338,444,0.126,ML NS,027206036,ADD PASSING LANES,,RER,,PRIME COAT (MC-30 OR AE-P),Prime coat,310,105,2,,,201206,20130808,,,35187.6,2004,PM
20160225,SM,23,141,US0183,430,1.338,444,0.126,ML NS,027206036,ADD PASSING LANES,,RER,,ASPH(AC-15P OR AC-20-5TR OR AC-20XP) | AGGR(TY-PB GR-4 SAC-B) | ASPH (AC-10 OR CRS-1P),Seal coat grade 4,316,110,1,,,201206,20130808,,,798036.37,2004,PM
20160225,SM,23,47,SH0016,348,1.947,350,0.648,ML,028802026,"WIDEN INTERSECTION, ILLUMINATION, SURFACE TREAT, STRIPING",,RER,,"REMOVING STAB BASE & ASPH PAV (1.5"")",Milling,105,75,2,1.5,,200611,20071010,,,5820,2004,
20160225,SM,23,47,SH0016,348,1.947,350,0.648,ML,028802026,"WIDEN INTERSECTION, ILLUMINATION, SURFACE TREAT, STRIPING",,RER,,EMBANKMENT (FINAL)(DENS CONT)(TY C),Fill,132,85,5,,,200611,20071010,,,25935,2004,
20160225,SM,23,47,SH0016,348,1.947,350,0.648,ML,028802026,"WIDEN INTERSECTION, ILLUMINATION, SURFACE TREAT, STRIPING",,RER,,FL BS (CMP IN PLC)(TY A GR 2)(FNAL POS),Flexible base Gr 2,247,100,4,,,200611,20071010,,,163920,2004,
20160225,SM,23,47,SH0016,348,1.947,350,0.648,ML,028802026,"WIDEN INTERSECTION, ILLUMINATION, SURFACE TREAT, STRIPING",,RER,,PRIME COAT (MC-30),Prime coat,310,105,3,,,200611,20071010,,,7895,2004,
20160225,SM,23,47,SH0016,348,1.947,350,0.648,ML,028802026,"WIDEN INTERSECTION, ILLUMINATION, SURFACE TREAT, STRIPING",,RER,,AGGR(TY-PB GR-3 SAC-B) | AGGR(TY-PB GR-4 SAC-B) | ASPH (AC-20-5TR),Seal coat 2 CR,316,110,1,,,200611,20071010,,,68954,2004,
20160225,SM,23,68,SH0016,314,1.3,318,0.5,ML,028803021,"REWORK EXISTING BASE, NEW FLEX BASE, AND SURFACE TREAT",,RER,,SUBGRADE WIDENING (ORD COMP),Subgrade,112,60,5,,,200511,20060707,,,19396,2004,
20160225,SM,23,68,SH0016,314,1.3,318,0.5,ML,028803021,"REWORK EXISTING BASE, NEW FLEX BASE, AND SURFACE TREAT",,RER,,FL BS (CMP IN PLC)(TY A GR 4)(FNAL POS),Flexible base Gr 4,247,80,3,,,200511,20060707,,,207306,2004,
20160225,SM,23,68,SH0016,314,1.3,318,0.5,ML,028803021,"REWORK EXISTING BASE, NEW FLEX BASE, AND SURFACE TREAT",,RER,,"RWRK BS MTL(TY B)(8"")(DEN CNT)(ORG POS)",Flexible base,251,85,4,8,,200511,20060707,,,47208.96,2004,
20160225,SM,23,68,SH0016,314,1.3,318,0.5,ML,028803021,"REWORK EXISTING BASE, NEW FLEX BASE, AND SURFACE TREAT",,RER,,EMULS ASPH (BS TRT)(MS-2 OR AE-P),Prime coat,314,90,2,,,200511,20060707,,,12506.48,2004,
20160225,SM,23,68,SH0016,314,1.3,318,0.5,ML,028803021,"REWORK EXISTING BASE, NEW FLEX BASE, AND SURFACE TREAT",,RER,,ASPH (AC-15P) | AGGR(TY-PB GR-3 SAC-B) | AGGR(TY-PB GR-4S SAC-B),Seal coat 2 CR,316,100,1,,,200511,20060707,,,314813.78,2004,
20160225,SM,23,167,SH0016,394,-1.65,394,-1.764,ML,028903021,"GRADING, BASE, AND SURFACE",,RER,,EMBANKMENT (FINAL)(DENS CONT)(TY B),Fill,132,75,3,,,200607,20071111,,,3675,2004,
20160225,SM,23,167,SH0016,394,-1.65,394,-1.764,ML,028903021,"GRADING, BASE, AND SURFACE",,RER,,ASPH (AC-20-5TR) OR (MC-2400 W/LATEX) | AGGR(TY-PB GR-4 SAC-B),Seal coat grade 4,316,105,2,,,200607,20071111,,,37799.4,2004,
20160225,SM,23,167,SH0016,394,-1.65,394,-1.764,ML,028903021,"GRADING, BASE, AND SURFACE",,RER,,D-GR HMA(QCQA) TY-B PG64-22 | PLACEMENT BONUS/PENALTY | PRODUCTION BONUS/PENALTY | D-GR HMA(QCQA) TY-D SAC-B PG76-22,Dense-graded HMA,341,115,1,,,200607,20071111,,,264740,2004,
20160225,SM,23,42,US0283,336,0,350,1.648,ML NS,043705014,"ADD SHOULDERS, BASE OVERLAY, AND SURFACING",,RER,,EMBANKMENT (FINAL)(DENS CONT)(TY C),Fill,132,90,8,,,200805,20100808,,,79198.9302,2004,
20160225,SM,23,42,US0283,336,0,350,1.648,ML NS,043705014,"ADD SHOULDERS, BASE OVERLAY, AND SURFACING",,RER,,FL BS (CMP IN PLC)(TY A GR 2)(FNAL POS),Flexible base Gr 2,247,120,5,10,,200805,20100808,,,1794734.451,2004,
20160225,SM,23,42,US0283,336,0,350,1.648,ML NS,043705014,"ADD SHOULDERS, BASE OVERLAY, AND SURFACING",,RER,,"CEMENT TREAT (EXIST MATL) (6"") | CEMENT TREAT (NEW BASE) (10"") | CEMENT",Cement treated base,275,125,7,6,,200805,20100808,,,34590,2004,
20160225,SM,23,42,US0283,336,0,350,1.648,ML NS,043705014,"ADD SHOULDERS, BASE OVERLAY, AND SURFACING",,RER,,EMULS ASPH (PRIME)(AE-P),Prime coat,314,135,4,,,200805,20100808,,,230224.68,2004,
20160225,SM,23,42,US0283,336,0,350,1.648,ML NS,043705014,"ADD SHOULDERS, BASE OVERLAY, AND SURFACING",,RER,,AGGR(TY-B GR-3 SAC-B) | ASPH (CRS-2P OR CRS-1P) | AGGR(TY-B GR-4 SAC-B) | ASPH (CRS-2P),Seal coat 2 CR,316,140,1,,,200805,20100808,,,956342.28,2004,
20160225,SM,23,42,US0283,336,0,350,1.648,ML NS,043705014,"ADD SHOULDERS, BASE OVERLAY, AND SURFACING",,RER,,HMCL ACP TY-F SAC-B AC-1.5,Hot mix cold laid HMCL,334,160,2,,,200805,20100808,,,7500,2004,
20160225,SM,23,42,US0283,336,0,350,1.648,ML NS,043705014,"ADD SHOULDERS, BASE OVERLAY, AND SURFACING",,RER,,"FLEXIBLE PAVEMENT STRUCTURE REPAIR(12"")",Flexible base,351,165,6,12,,200805,20100808,,,6080,2004,
20160225,SM,23,42,US0283,336,0,350,1.648,ML NS,043705014,"ADD SHOULDERS, BASE OVERLAY, AND SURFACING",,RER,,"PLANE CONC PAV(0"" TO 1-1/2"")",Milling,354,170,3,1.5,,200805,20100808,,,7398,2004,
20160225,SM,23,215,FM0207,480,1.836,484,0.775,ML NS,077603013,SEAL COAT,,SC,,AGGR (TY-PB GR-3 OR TY-PL GR-3)(SAC-B) | ASPH (AC-20-XP OR AC-20-5TR),Seal coat grade 3,316,530,2,,,200711,20081010,,,249815.516,2004,
20160225,SM,23,47,FM1689,476,1.462,484,1.31,ML EW,103304017,"BASE OVERLAY, WIDEN & SET STRUCTURES, 2 CST, PAV MARKINGS",,RER,,EMBANKMENT (FINAL)(DENS CONT)(TY C),Fill,132,70,7,,,200708,20090606,,,268974,2004,
20160225,SM,23,47,FM1689,476,1.462,484,1.31,ML EW,103304017,"BASE OVERLAY, WIDEN & SET STRUCTURES, 2 CST, PAV MARKINGS",,RER,,FL BS (CMP IN PLC)(TY A GR 4)(FNAL POS),Flexible base Gr 4,247,100,5,8,,200708,20090606,,,858491.88,2004,
20160225,SM,23,47,FM1689,476,1.462,484,1.31,ML EW,103304017,"BASE OVERLAY, WIDEN & SET STRUCTURES, 2 CST, PAV MARKINGS",,RER,,"REWORK BS MTL (TY D) (6"") (DENS CONT)",Flexible base,251,105,6,6,,200708,20090606,,,4875,2004,
20160225,SM,23,47,FM1689,476,1.462,484,1.31,ML EW,103304017,"BASE OVERLAY, WIDEN & SET STRUCTURES, 2 CST, PAV MARKINGS",,RER,,EMULS ASPH (BS TRT)(MS-2 OR AE-P),Prime coat,314,110,4,,,200708,20090606,,,86186.85,2004,
20160225,SM,23,47,FM1689,476,1.462,484,1.31,ML EW,103304017,"BASE OVERLAY, WIDEN & SET STRUCTURES, 2 CST, PAV MARKINGS",,RER,,"ASPH (AC-15P, AC-20-XP, OR AC-10-2TR) | AGGR(TY-B GR-3 SAC-B) | AGGR(TY-PB GR-3 SAC-B) | AGGR(TY-PB GR-4 SAC-B) | ASPH (AC-10) | ASPH (CRS-1P)",Seal coat 2 CR,316,113,1,,,200708,20090606,,,553302.54,2004,
20160225,SM,23,47,FM1689,476,1.462,484,1.31,ML EW,103304017,"BASE OVERLAY, WIDEN & SET STRUCTURES, 2 CST, PAV MARKINGS",,RER,,HMCL ACP TY-F SAC-B AC-1.5,Hot mix cold laid HMCL,334,133,3,,,200708,20090606,,,12500,2004,
20160225,SM,23,42,FM1026,338,-0.035,338,0.528,ML,110401019,WIDEN AND REHAB FM ROAD,,RER,,EMBANK (DENS CONT)(TY C)(CL 3) | EMBANK (DENS CONT)(TY B)(CL 3),Fill,132,70,4,,,200403,20040909,1185,CY,12.46,1993,
20160225,SM,23,42,FM1026,338,-0.035,338,0.528,ML,110401019,WIDEN AND REHAB FM ROAD,,RER,,FL BS (COMPL IN PLAC)(TY A GR6 CL 4),Flexible base Gr 6,247,90,3,,,200403,20040909,,,42230.16,1993,
20160225,SM,23,42,FM1026,338,-0.035,338,0.528,ML,110401019,WIDEN AND REHAB FM ROAD,,RER,,ASPH MATRL (AE-P),Prime coat,310,95,2,,,200403,20040909,,,1533.81,1993,
20160225,SM,23,42,FM1026,338,-0.035,338,0.528,ML,110401019,WIDEN AND REHAB FM ROAD,,RER,,"AGGR (TY B, GR4 MOD) | AGGR (TY B, GR4) | ASPH (CRS-2P)",Seal coat grade 4,316,100,1,,,200403,20040909,,,19245.15,1993,
20160225,SM,23,47,FM1702,326,0,330,1.1,ML NS,159703007,"BASE OVERLAY, WIDEN AND SAFETY TREAT STRUCTURES",,RER,,EMBANKMENT (FINAL)(DENS CONT)(TY C),Fill,132,65,5,,,200703,20080505,,,126009,2004,
20160225,SM,23,47,FM1702,326,0,330,1.1,ML NS,159703007,"BASE OVERLAY, WIDEN AND SAFETY TREAT STRUCTURES",,RER,,FL BS (CMP IN PLC)(TY A GR 4)(FNAL POS),Flexible base Gr 4,247,85,3,8,,200703,20080505,,,714589.385,2004,
20160225,SM,23,47,FM1702,326,0,330,1.1,ML NS,159703007,"BASE OVERLAY, WIDEN AND SAFETY TREAT STRUCTURES",,RER,,"REWORK BS MTL (TY D) (6"") (DENS CONT)",Flexible base,251,90,4,6,,200703,20080505,,,4115,2004,
20160225,SM,23,47,FM1702,326,0,330,1.1,ML NS,159703007,"BASE OVERLAY, WIDEN AND SAFETY TREAT STRUCTURES",,RER,,EMULS ASPH (BS TRT)(MS-2 OR AE-P),Prime coat,314,95,2,,,200703,20080505,,,63069.5,2004,
20160225,SM,23,47,FM1702,326,0,330,1.1,ML NS,159703007,"BASE OVERLAY, WIDEN AND SAFETY TREAT STRUCTURES",,RER,,AGGR(TY-B GR-3 SAC-B) | AGGR(TY-PB GR-3 SAC-B) | ASPH (AC-15P OR MC-2400 W/LATEX) | AGGR(TY-PB GR-4 SAC-B) | ASPH (CRS-1P) | ASPH (AC-15P),Seal coat 2 CR,316,100,1,,,200703,20080505,,,380047.165,2004,
20160225,SM,23,141,FM2313,382,-0.03,388,0.144,ML,219901011,"WIDEN GRADING, STRUCTURES, BASE, AND SURFACING",,RER,,EMBANK (DENS CONT)(TY B)(CL 3),Fill,132,90,8,,,200210,20040808,22390,CY,4,1993,
20160225,SM,23,141,FM2313,382,-0.03,388,0.144,ML,219901011,"WIDEN GRADING, STRUCTURES, BASE, AND SURFACING",,RER,,FL BS (COMPL IN PLAC)(TY A GR2 CL 4),Flexible base Gr 2,247,140,6,,,200210,20040808,,,273902.85,1993,
20160225,SM,23,141,FM2313,382,-0.03,388,0.144,ML,219901011,"WIDEN GRADING, STRUCTURES, BASE, AND SURFACING",,RER,,"CEM TRT (NEW BS)(STR 0)(0C)(VAR DEPTH) | CEM TRT BS (NEW BS)(STRNGT-O)(14"")OC",Cement treated base,275,145,7,14,,200210,20040808,49,SY,75,1993,
20160225,SM,23,141,FM2313,382,-0.03,388,0.144,ML,219901011,"WIDEN GRADING, STRUCTURES, BASE, AND SURFACING",,RER,,ASPH MATRL (AE-P),Prime coat,310,155,5,,,200210,20040808,15542,GAL,5.55,1993,
20160225,SM,23,141,FM2313,382,-0.03,388,0.144,ML,219901011,"WIDEN GRADING, STRUCTURES, BASE, AND SURFACING",,RER,,"AGGR (TY PB GR3) | ASPH (AC-15-5TR) | AGGR (TY PB, GR 4) | ASPH (AC-5 OR MC-2400)(LATEX ADDTV)",Seal coat 2 CR,316,170,2,,,200210,20040808,,,122459.59,1993,
20160225,SM,23,141,FM2313,382,-0.03,388,0.144,ML,219901011,"WIDEN GRADING, STRUCTURES, BASE, AND SURFACING",,RER,,HOT MIX-COLD LAID ASPH CONC PAV (TY B),Hot mix cold laid HMCL,334,185,3,,,200210,20040808,,,73095,1993,
20160225,SM,23,141,FM2313,382,-0.03,388,0.144,ML,219901011,"WIDEN GRADING, STRUCTURES, BASE, AND SURFACING",,RER,,"PLAN & TEXT ASPH CONC PAV (1 1/2 "") | PLANE ASPH CONC PAV (0"" TO 2.5"")",Milling,354,190,4,2.5,,200210,20040808,1610,SY,3.5,1993,
20160225,SM,23,141,FM2313,382,-0.03,388,0.144,ML,219901011,"WIDEN GRADING, STRUCTURES, BASE, AND SURFACING",,RER,,HOT MIX (TY B)(BASE)(PG 64-22) | HOT MIX (TY D)(SURF)(PG 76-22),Dense-graded HMA,3146,510,1,,,200210,20040808,11229,TON,69.5,1993,
20160225,SM,23,25,FM2524,340,0.307,340,1.146,ML,237701033,PLANE AND ACP OVERLAY,,OV,,"ASPH (AC-10) | AGGR (TY PB, GR 4)",Seal coat grade 4,316,60,2,,,200404,20040808,,,33629.25,1993,
20160225,SM,23,25,FM2524,340,0.307,340,1.146,ML,237701033,PLANE AND ACP OVERLAY,,OV,,"PLANE ASPH CONC PAV (0"" TO 1 1/2 "") | PLANE ASPH CONC PAV (0"" TO 3"")",Milling,354,70,3,3,,200404,20040808,37784,SY,2.165,1993,
20160225,SM,23,25,FM2524,340,0.307,340,1.146,ML,237701033,PLANE AND ACP OVERLAY,,OV,,HOT MIX (TY B)(BASE)(PG 64-22) | HOT MIX (TY D)(SURF)(PG 76-22),Dense-graded HMA,3146,160,1,3,,200404,20040808,3518.18,TON,69,1993,
