dtin,src,district,county,hwy,brm,bdp,erm,edp,lane,csj,pjdesc,workid,wrk,funcode,descr,layer,itm,lin,layerno,mthk,activity,letdate,compdate,qty,unt,cost,spec_yr,rehab
20160815,SM,7,200,US0083,360,0,366,0.927,ML NS,003403016,SEAL COAT,,SC,,AGGR(TY-PB GR-3 SAC-B) | ASPH (AC-20-5TR),Seal coat grade 3,316,55,1,,,200601,20060707,,,4987369.94,2004,
20160815,SM,7,200,US0083,632,0.303,632,0.835,ML NS,003405038,ACP OVERLAY,,OV,,"PLANE ASPH CONC PAV (1.5')",Milling,354,60,1,1.5,,201007,20101111,,,28903.9779,2004,PM
20160815,SM,7,200,US0083,632,0.303,632,0.835,ML NS,003405038,ACP OVERLAY,,OV,,ASPH BINDER(PG 64-22) | FABRIC,Fabric underseal,356,65,2,,,201007,20101111,,,63310.8341,2004,PM
20160815,SM,7,200,FM2887,334,0.0,340,1.799,ML NS,003406010,RESTORE AND RESURFACE ROAD,,SB,,SUBGRADE WIDENING (ORD COMP),Subgrade,112,56,6,,,200608,20080707,,,98958.4178,2004,
20160815,SM,7,200,FM2887,334,0.0,340,1.799,ML NS,003406010,RESTORE AND RESURFACE ROAD,,SB,,EMBANKMENT (VEHICLE)(ORD COMP)(TY D) | EMBANKMENT (VEHICLE)(ORD COMP)(TY A),Fill,132,57,5,,,200608,20080707,1562,CY,24.03,2004,
20160815,SM,7,200,FM2887,334,0.0,340,1.799,ML NS,003406010,RESTORE AND RESURFACE ROAD,,SB,,FL BS (CMP IN PLC)(TY A GR 4),Flexible base Gr 4,247,60,3,,,200608,20080707,,,1025197.62,2004,
20160815,SM,7,200,FM2887,334,0.0,340,1.799,ML NS,003406010,RESTORE AND RESURFACE ROAD,,SB,,"REWORK BS MTL (TY B) (6') (ORD COMP)",Flexible base,251,64,4,6,,200608,20080707,,,24607.154,2004,
20160815,SM,7,200,FM2887,334,0.0,340,1.799,ML NS,003406010,RESTORE AND RESURFACE ROAD,,SB,,PRIME COAT (MC-30 OR AE-P) | PRIME COAT (MC-30),Prime coat,310,65,7,,,200608,20080707,25507,GAL,3.14,2004,
20160815,SM,7,200,FM2887,334,0.0,340,1.799,ML NS,003406010,RESTORE AND RESURFACE ROAD,,SB,,AGGR(TY-PB GR-3 SAC-B) | ASPH (AC-5 LATEX) OR (MC2400 LATEX) | AGGR(TY-PB GR-4 SAC-B) | ASPH (AC-20-5TR),Seal coat 2 CR,316,75,1,,,200608,20080707,,,672164.75,2004,
20160815,SM,7,200,FM2887,334,0.0,340,1.799,ML NS,003406010,RESTORE AND RESURFACE ROAD,,SB,,LRA PAV TY-II GR-CS SAC-B,Limestone rock asphalt LRA,330,74,8,,,200608,20080707,,,28097.208,2004,
20160815,SM,7,200,FM2887,334,0.0,340,1.799,ML NS,003406010,RESTORE AND RESURFACE ROAD,,SB,,"PLAN & TEXT ASPH CONC PAV(0' TO 12')",Milling,354,117,2,12,,200608,20080707,,,116773.928,2004,
20160815,SM,7,48,US0083,398,0,408,1.346,ML NS,003502035,SEAL COAT,,SC,,FOG SEAL (HARD RESIDUE SURFACE SEALANT),Fog seal,315,230,1,,,201112,20120707,,,168356.88,2004,PM
20160815,SM,7,48,US0083,398,0,408,1.346,ML NS,003502035,SEAL COAT,,SC,,ASPH (TIER II) | ASPH (TIER I) | ASPH (TIER III) | AGGR (GR 4) | AGGR (GR 3),Seal coat 2 CR,3235,245,2,,,201112,20120707,,,3841653.13,2004,PM
20160815,SM,7,48,US0083,410,1,422,1.0,ML NS,003503041,SEAL COAT & PAVEMENT MARKINGS,,SC,,ASPH (AC-15P) | AGGR (TY PB GR3),Seal coat grade 3,316,55,1,,,200211,20030909,,,2893680.4,1993,
20160815,SM,7,48,US0083,410,0,410,1.485,ML NS,003503044,SEAL COAT,,SC,,AGGR(TY-PB GR-3 SAC-A) | ASPH (AC-10-2TR) | ASPH (AC-20XP OR AC-10-2TR) | AGGR(TY-PB GR-3 SAC-B),Seal coat grade 3,316,55,1,,,200811,20091111,,,5206481,2004,
20160815,SM,7,48,US0083,408,1.346,410,1.485,ML NS,003503045,SEAL COAT,,SC,,FOG SEAL (HARD RESIDUE SURFACE SEALANT),Fog seal,315,55,1,,,201211,20130909,,,28950.12,2004,PM
20160815,SM,7,48,US0083,408,1.346,410,1.485,ML NS,003503045,SEAL COAT,,SC,,AGGR (TIER I) | AGGR (TIER III) | AGGR (TIER II) | ASPH (TIER I) | ASPH (TIER III) | ASPH (TIER II),Seal coat,316,60,2,,,201211,20130909,,,3865676.86,2004,PM
20160815,SM,7,70,US0083,502,0,506,0,ML NS,003609009,SEAL COAT,,SC,,AGGR(TY-PB GR-3 SAC-B) | ASPH (AC-10-2TR) | ASPH (AC-20-5TR),Seal coat grade 3,316,55,1,,,200611,20070909,,,3920138.85,2004,
20160815,SM,7,88,US0087,392,0.033,404,0,ML NS,006902025,MICROSURFACING (SB OUTSIDE LANE),,OV,,MICROSURFACING,Microsurfacing,350,60,1,,,200911,20100505,,,164600,2004,PM
20160815,SM,7,216,US0087,420,0.674,422,1.644,ML NS,006903051,SEAL COAT & PAVEMENT MARKINGS,,SC,,ASPH (AC-15-5TR) | AGGR (TY PB GR3),Seal coat grade 3,316,180,1,,,200211,20030909,,,3000099.757,1993,
20160815,SM,7,226,US0087,442,0,450,1.904,ML NS,006906032,ACP OVERLAY,,OV,,ASPH MATL (RC-250) | ASPH MATRL (MC-30),Prime coat,310,85,5,,,200407,20060505,67407,GAL,2.33,1993,
20160815,SM,7,226,US0087,442,0,450,1.904,ML NS,006906032,ACP OVERLAY,,OV,,EMULS ASPH (CSS-1H),Fog seal,314,89,2,,,200407,20060505,,,41950.285,1993,
20160815,SM,7,226,US0087,442,0,450,1.904,ML NS,006906032,ACP OVERLAY,,OV,,ASPH (AC-3 OR AC-5) | AGGR (TY PB GR3),Seal coat grade 3,316,95,3,,,200407,20060505,,,1293584.482,1993,
20160815,SM,7,226,US0087,442,0,450,1.904,ML NS,006906032,ACP OVERLAY,,OV,,HOT MIX-COLD LAID ASPH CONC PAV (TY F),Hot mix cold laid HMCL,334,105,6,,,200407,20060505,,,39997.15,1993,
20160815,SM,7,226,US0087,442,0,450,1.904,ML NS,006906032,ACP OVERLAY,,OV,,"PLAN ASPH CONC PAV (3.5')",Milling,354,110,4,3.5,,200407,20060505,,,59586.25,1993,
20160815,SM,7,226,US0087,442,0,450,1.904,ML NS,006906032,ACP OVERLAY,,OV,,HOT MIX (TY F)(LEVEL UP)(PG 76-22) | HOT MIX (TY CMHB-C)(SURF)(PG 76-22S),Dense-graded HMA,3146,206,1,,,200407,20060505,201499.39,TON,31.14,1993,
20160815,SM,7,226,US0087,466,1.894,468,0.944,ML NS,006907099,OVERLAY,,OV,,EMBANKMENT (VEHICLE)(ORD COMP)(TY B),Fill,132,70,4,,,201202,20121212,,,565.65,2004,PM
20160815,SM,7,226,US0087,466,1.894,468,0.944,ML NS,006907099,OVERLAY,,OV,,"REWORK BS MTL (TY C) (6') (ORD COMP) | REWORK BS MTL (TY C)(0'-5')(ORD COMP) | REWORK BS MTL (TY C)(5')(ORD COMP) | REWORK BS MTL(TY C)(0'-6')(ORD COMP)",Flexible base,251,90,3,6,,201202,20121212,17265,SY,3.605,2004,PM
20160815,SM,7,226,US0087,466,1.894,468,0.944,ML NS,006907099,OVERLAY,,OV,,PRIME COAT (MC-30),Prime coat,310,110,5,,,201202,20121212,,,52478.15,2004,PM
20160815,SM,7,226,US0087,466,1.894,468,0.944,ML NS,006907099,OVERLAY,,OV,,ASPH (TIER III) | AGGR (GR 4),Seal coat grade 4,316,115,1,,,201202,20121212,,,106471.96,2004,PM
20160815,SM,7,226,US0087,466,1.894,468,0.944,ML NS,006907099,OVERLAY,,OV,,"PLANE ASPH CONC PAV (2.5' TO 6') | PLANE ASPH CONC PAV (0' TO 5') | PLANE ASPH CONC PAV (0' TO 1 1/2') | PLANE ASPH CONC PAV(0' TO 2') | PLANE ASPH CONC PAV (2') | PLANE ASPH CONC PAV (5') | PLANE ASPH CONC PAV (4') | PLANE ASPH CONC PAV (2.5' TO 4') | PLANE ASPH CONC PAV (1.5') | PLANE ASPH CONC PAV(0' TO 4') | PLANE ASPH CONC PAV (4' TO 5') | PLANE ASPH CONC PAV (2.5' TO 5') | PLANE ASPH CONC PAV (6')",Milling,354,135,2,6,,201202,20121212,103156,SY,2.661538462,2004,PM
20160815,SM,7,226,US0087,456,0.9,458,1.2,ML NS,006907101,SEAL COAT (EAST FRONTAGE ROAD),,SC,,AGGR(TY-PB GR-3 SAC-B) | ASPH (AC-10-2TR) | AGGR(TY-PB GR-3 SAC-A) | ASPH (AC-20-5TR),Seal coat grade 3,316,195,1,,,200911,20101111,,,3891740.917,2004,PM
20160815,SM,7,226,US0087,472,1.301,482,0.139,ML NS,007002083,SEAL COAT (TRAVEL LANES ONLY),,SC,,FOG SEAL (MS-2),Fog seal,315,55,1,,,200902,20090909,,,5769.5,2004,
20160815,SM,7,226,US0087,472,1.301,482,0.139,ML NS,007002083,SEAL COAT (TRAVEL LANES ONLY),,SC,,AGGR(TY-PB GR-3 SAC-A) | ASPH (AC-10-2TR) | AGGR(TY-PB GR-3 SAC-B),Seal coat grade 3,316,60,2,,,200902,20090909,,,1276838.8,2004,
20160815,SM,7,226,US0087,472,1.324,476,0.119,ML NS,007002085,ACP OVERLAY,,OV,,"PRIME COAT (MC-30, AE-P OR SS-1)",Prime coat,310,60,2,,,201302,20130606,,,3184.96,2004,PM
20160815,SM,7,226,US0087,472,1.324,476,0.119,ML NS,007002085,ACP OVERLAY,,OV,,EMULS ASPH (EROSN CONT)(MS-2 OR SS-1),Prime coat,314,65,3,,,201302,20130606,,,2047.5,2004,PM
20160815,SM,7,226,US0087,472,1.324,476,0.119,ML NS,007002085,ACP OVERLAY,,OV,,"PLAN & TEXT CONC PAV(0' TO 1-1/2')",Milling,354,85,1,1.5,,201302,20130606,,,14150.4,2004,PM
20160815,SM,7,226,US0087,476,0.105,480,0.301,ML NS,007002087,ACP OVERLAY,,OV,,"REWORK BS MTL(TY C)(2'-5')(ORD)(COMP) | REWORK BS MTL (TY C)(5')(ORD COMP)",Flexible base,251,60,5,5,,201402,20141010,4372,SY,4.305,2004,PM
20160815,SM,7,226,US0087,476,0.105,480,0.301,ML NS,007002087,ACP OVERLAY,,OV,,"PRIME COAT (MC-30, AE-P OR SS-1)",Prime coat,310,70,7,,,201402,20141010,,,8977.53,2004,PM
20160815,SM,7,226,US0087,476,0.105,480,0.301,ML NS,007002087,ACP OVERLAY,,OV,,FOG SEAL (SS-1 OR CSS-1),Fog seal,315,75,2,,,201402,20141010,,,3507.4,2004,PM
20160815,SM,7,226,US0087,476,0.105,480,0.301,ML NS,007002087,ACP OVERLAY,,OV,,ASPH (AC-5 OR AC-10) | AGGR (GR 4),Seal coat grade 4,316,80,3,,,201402,20141010,,,34101.91,2004,PM
20160815,SM,7,226,US0087,476,0.105,480,0.301,ML NS,007002087,ACP OVERLAY,,OV,,"PLANE ASPH CONC PAV (0' TO 5') | PLANE ASPH CONC PAV (1.5') | PLANE ASPH CONC PAV (4' TO 5') | PLAN & TEXT CONC PAV(0' TO 1-1/2')",Milling,354,90,4,5,,201402,20141010,13289,SY,4.095,2004,PM
20160815,SM,7,226,US0087,476,0.105,480,0.301,ML NS,007002087,ACP OVERLAY,,OV,,"PAV JT UNDERSEAL (24')",Fabric underseal,356,110,6,,,201402,20141010,,,13427.4,2004,PM
20160815,SM,7,226,US0087,476,0.105,480,0.301,ML NS,007002087,ACP OVERLAY,,OV,,SUPERPAVE MIXTURES SP-B PG64-22 | PLACEMENT BONUS/PENALTY | SUPERPAVE MIXTURES SP-D SAC-B PG70-22 | PRODUCTION BONUS/PENALTY,Superpave SP-B,3270,236,1,1.5,,201402,20141010,,,2698782.35,2004,PM
20160815,SM,7,192,US0067,742,1.126,762,1.475,ML NS,007608022,REHABILITATE EXISTING ROADWAY,,RER,,EMBANK (DENS CONT)(TY B)(CL 3),Fill,132,75,5,,,200206,20040606,,,31933.65,1993,
20160815,SM,7,192,US0067,742,1.126,762,1.475,ML NS,007608022,REHABILITATE EXISTING ROADWAY,,RER,,FL BS (COMPL IN PLAC)(TYA GR6 CL5)(4IN) | FL BS (COMPL IN PLAC)(TY A GR6 CL 5) | FL BS (RDWY DEL)(TY A GR6 CL 2),Flexible base,247,85,3,4,,200206,20040606,,,578561.36,1993,
20160815,SM,7,192,US0067,742,1.126,762,1.475,ML NS,007608022,REHABILITATE EXISTING ROADWAY,,RER,,"REWRKING BS MATL (DC)(TY D CL 1)(6')",Flexible base,251,95,4,6,,200206,20040606,,,613275,1993,
20160815,SM,7,192,US0067,742,1.126,762,1.475,ML NS,007608022,REHABILITATE EXISTING ROADWAY,,RER,,ASPH MATRL (AE-P) | ASPH MATRL (MC-30),Prime coat,310,100,6,,,200206,20040606,115784,GAL,1.23,1993,
20160815,SM,7,192,US0067,742,1.126,762,1.475,ML NS,007608022,REHABILITATE EXISTING ROADWAY,,RER,,"ASPH (AC-3,5 OR 10) OR (MC-2400) | AGGR (TY PB GR3) | ASPH (AC-15P) | AGGR (TY PB, GR 4)",Seal coat 2 CR,316,110,2,,,200206,20040606,,,863134.21,1993,
20160815,SM,7,192,US0067,742,1.126,762,1.475,ML NS,007608022,REHABILITATE EXISTING ROADWAY,,RER,,HOT MIX-COLD LAID ASPH CONC PAV (TY D),Hot mix cold laid HMCL,334,131,7,,,200206,20040606,,,31500,1993,
20160815,SM,7,192,US0067,742,1.126,762,1.475,ML NS,007608022,REHABILITATE EXISTING ROADWAY,,RER,,HOT MIX (TY C),Dense-graded TY-C,3146,132,1,2,,200206,20040606,,,70368,1993,
20160815,SM,7,192,US0067,748,0,764,0,ML NS,007608025,SEAL COAT,,SC,,ASPH (TIER II) | AGGR (GR 3) | ASPH (TIER III),Seal coat grade 3,316,120,1,,,201011,20110909,,,2147864.46,2004,PM
20160815,SM,7,226,US0067,674,0.225,674,0.71,ML NS,007706084,ACP OVERLAY,,OV,,EMULS ASPH (EROSN CONT)(MS-2 OR SS-1),Prime coat,314,80,2,,,200606,20071111,,,37580.18,2004,
20160815,SM,7,226,US0067,674,0.225,674,0.71,ML NS,007706084,ACP OVERLAY,,OV,,FABRIC | ASPH BINDER(PG 64-22),Fabric underseal,356,90,1,,,200606,20071111,,,561173.93,2004,
20160815,SM,7,226,US0067,674,1.599,690,0,ML NS,007706085,ADD SUPER 2 PASSING LANES,,RER,,SUBGRADE WIDENING (DENS CONT),Subgrade,112,65,4,,,200909,20100606,,,88974.27,2004,HR
20160815,SM,7,226,US0067,674,1.599,690,0,ML NS,007706085,ADD SUPER 2 PASSING LANES,,RER,,"FL BS (CMP IN PLC)(TY A GR 4)(12') | FL BS (CMP IN PLACE)(TY A GR 4)(IN VEH)",Flexible base,247,85,2,12,,200909,20100606,,,246888.88,2004,HR
20160815,SM,7,226,US0067,674,1.599,690,0,ML NS,007706085,ADD SUPER 2 PASSING LANES,,RER,,"REWORK BS MTL (TY D) (6') (DENS CONT)",Flexible base,251,95,3,6,,200909,20100606,,,2665,2004,HR
20160815,SM,7,226,US0067,674,1.599,690,0,ML NS,007706085,ADD SUPER 2 PASSING LANES,,RER,,PRIME COAT (MC-30),Prime coat,310,100,5,,,200909,20100606,,,18318.7,2004,HR
20160815,SM,7,226,US0067,674,1.599,690,0,ML NS,007706085,ADD SUPER 2 PASSING LANES,,RER,,EMULS ASPH (EROSN CONT)(SS-1),Prime coat,314,105,6,,,200909,20100606,,,6877.44,2004,HR
20160815,SM,7,226,US0067,674,1.599,690,0,ML NS,007706085,ADD SUPER 2 PASSING LANES,,RER,,AGGR(TY-PB GR-3 SAC-B) | AGGR(TY-PB GR-4 SAC-B) | ASPH(AC-3 OR AC-5) | ASPH (AC-20-5TR),Seal coat 2 CR,316,110,1,,,200909,20100606,,,422022.67,2004,HR
20160815,SM,7,226,US0067,672,1.972,674,1.499,ML NS,007706091,MICROSURFACING,,OV,,FOG SEAL (HARD RESIDUE SURFACE SEALANT),Fog seal,315,55,1,,,201204,20120707,,,33148.5,2004,PM
20160815,SM,7,226,SL0306,374,0.431,376,0.408,ML EW,007708040,ACP OVERLAY,,OV,,PRIME COAT (MC-30),Prime coat,310,70,3,,,201112,20121212,,,22312.08,2004,PM
20160815,SM,7,226,SL0306,374,0.431,376,0.408,ML EW,007708040,ACP OVERLAY,,OV,,EMULS ASPH (EROSN CONT)(MS-2 OR SS-1),Prime coat,314,75,4,,,201112,20121212,,,1179.9,2004,PM
20160815,SM,7,226,SL0306,374,0.431,376,0.408,ML EW,007708040,ACP OVERLAY,,OV,,ASPH (TIER III) | AGGR (GR 4),Seal coat grade 4,316,80,1,,,201112,20121212,,,13307.04,2004,PM
20160815,SM,7,226,SL0306,374,0.431,376,0.408,ML EW,007708040,ACP OVERLAY,,OV,,"PLANE ASPH CONC PAV(2' TO 4') | PLANE ASPH CONC PAV(0' TO 4') | PLANE ASPH CONC PAV (0' TO 1 1/2') | PLANE ASPH CONC PAV (1.5')",Milling,354,95,2,4,,201112,20121212,73391,SY,2.9975,2004,PM
20160815,SM,7,226,BU0067H,360,0.0,362,1.394,ML NS,007709005,ASPHALT CONCRETE PAVEMENT OVERLAY,,OV,,PRIME COAT (MC-30),Prime coat,310,70,4,,,200910,20110303,,,1747.2,2004,PM
20160815,SM,7,226,BU0067H,360,0.0,362,1.394,ML NS,007709005,ASPHALT CONCRETE PAVEMENT OVERLAY,,OV,,AGGR(TY-PB GR-3 SAC-B) | ASPH(AC-3 OR AC-5),Seal coat grade 3,316,75,1,,,200910,20110303,,,206282.1103,2004,PM
20160815,SM,7,226,BU0067H,360,0.0,362,1.394,ML NS,007709005,ASPHALT CONCRETE PAVEMENT OVERLAY,,OV,,"PLANE ASPH CONC PAV (1.5') | PLANE ASPH CONC PAV (0' TO 1 1/2')",Milling,354,95,2,1.5,,200910,20110303,103515.36,SY,1.59,2004,PM
20160815,SM,7,226,BU0067H,360,0.0,362,1.394,ML NS,007709005,ASPHALT CONCRETE PAVEMENT OVERLAY,,OV,,FABRIC | ASPH BINDER(PG 64-22),Fabric underseal,356,105,3,,,200910,20110303,,,148783.0718,2004,PM
20160815,SM,7,200,US0067,618,0,630,0.861,ML NS,007801033,REHABILITATE EXISTING ROADWAY,,RER,,EMBANK (ORD COMP)(TY C)(CL 3),Fill,132,70,4,,,200308,20050909,,,143806.08,1993,
20160815,SM,7,200,US0067,618,0,630,0.861,ML NS,007801033,REHABILITATE EXISTING ROADWAY,,RER,,FL BS (COMPL IN PLAC)(TY A GR6 CL 4),Flexible base Gr 6,247,86,2,,,200308,20050909,107889.027,CY,22.4852,1993,
20160815,SM,7,200,US0067,618,0,630,0.861,ML NS,007801033,REHABILITATE EXISTING ROADWAY,,RER,,"CEM TRT (EXIST MATL)(STR-O)(6')(DC) | CEMENT",Cement treated base,275,90,3,6,,200308,20050909,,,679276.56,1993,
20160815,SM,7,200,US0067,618,0,630,0.861,ML NS,007801033,REHABILITATE EXISTING ROADWAY,,RER,,ASPH MATRL (MC-30),Prime coat,310,100,5,,,200308,20050909,,,87000.32,1993,
20160815,SM,7,200,US0067,618,0,630,0.861,ML NS,007801033,REHABILITATE EXISTING ROADWAY,,RER,,"AGGR (TY PB, GR 4) | ASPH (AC-15P) | AGGR (TY PB GR3) | ASPH (AC-5 LATEX) OR (MC-2400 LATEX)",Seal coat 2 CR,316,110,1,,,200308,20050909,,,596837.98,1993,
20160815,SM,7,134,US0290,464,0.0,476,1.198,ML,011201017,ACP OVERLAY,,OV,,EMBANK (ORD COMP)(TY B)(CL 2),Fill,132,60,4,,,200209,20040707,,,2831.4,1993,
20160815,SM,7,134,US0290,464,0.0,476,1.198,ML,011201017,ACP OVERLAY,,OV,,FL BS (COMPL IN PLAC)(OC)(TY A GR6 CL4),Flexible base Gr 6,247,85,3,,,200209,20040707,,,18878.748,1993,
20160815,SM,7,134,US0290,464,0.0,476,1.198,ML,011201017,ACP OVERLAY,,OV,,ASPH MATRL (MC-30) OR (MS-2),Prime coat,310,90,5,,,200209,20040707,,,2305.2,1993,
20160815,SM,7,134,US0290,464,0.0,476,1.198,ML,011201017,ACP OVERLAY,,OV,,"AGGR (TY PB, GR 4) | ASPH (AC-20)",Seal coat grade 4,316,95,2,,,200209,20040707,,,13191.29,1993,
20160815,SM,7,134,US0290,464,0.0,476,1.198,ML,011201017,ACP OVERLAY,,OV,,HOT MIX (TY CMHB-C)(PG 76-22S) | HOT MIX (TY C)(LEVEL-UP)(PG 76-22S),Dense-graded HMA,3146,210,1,,,200209,20040707,57876.62,TON,36.34,1993,
20160815,SM,7,53,IH0010,343,0.725,356,0.748,ML EW,014010030,ASPHALTIC CONCRETE PAVEMENT OVERLAY,,OV,,FL BS (COMPL IN PLAC)(TY A GR4 CL 2),Flexible base Gr 4,247,75,4,,,200407,20060505,,,286340,1993,
20160815,SM,7,53,IH0010,343,0.725,356,0.748,ML EW,014010030,ASPHALTIC CONCRETE PAVEMENT OVERLAY,,OV,,ASPH MATRL (MC-30),Prime coat,310,80,5,,,200407,20060505,,,35470,1993,
20160815,SM,7,53,IH0010,343,0.725,356,0.748,ML EW,014010030,ASPHALTIC CONCRETE PAVEMENT OVERLAY,,OV,,"ASPH (AC-3,5 OR 10) OR (MC-2400) | AGGR (TY PB, GR 4)",Seal coat grade 4,316,85,2,,,200407,20060505,,,465890.18,1993,
20160815,SM,7,53,IH0010,343,0.725,356,0.748,ML EW,014010030,ASPHALTIC CONCRETE PAVEMENT OVERLAY,,OV,,HOT MIX-COLD LAID ASPH CONC PAV (TY F),Hot mix cold laid HMCL,334,95,6,,,200407,20060505,,,57552,1993,
20160815,SM,7,53,IH0010,343,0.725,356,0.748,ML EW,014010030,ASPHALTIC CONCRETE PAVEMENT OVERLAY,,OV,,"PLAN ASPH CONC PAV (2 IN) | PLANE ASPH CONC PAV (0' TO 2')",Milling,354,100,3,2,,200407,20060505,39343,SY,1.345,1993,
20160815,SM,7,53,IH0010,343,0.725,356,0.748,ML EW,014010030,ASPHALTIC CONCRETE PAVEMENT OVERLAY,,OV,,HOT MIX (TY F),Dense-graded TY-F,3146,216,1,,,200407,20060505,,,1189751.31,1993,
20160815,SM,7,53,IH0010,343,0.725,356,0.786,ML EW,014010031,MICROSURFACING,,SC,,FOG SEAL (HARD RESIDUE SURFACE SEALANT),Fog seal,315,55,1,,,201211,20130606,,,177641.4,2004,PM
20160815,SM,7,53,SL0466,326,0.0,326,0.5,ML,014016006,ASPHALTIC CONCRETE PAVEMENT OVERLAY,,OV,,PRIME COAT (MC-30),Prime coat,310,100,4,,,200508,20061212,,,5082.825,2004,PM
20160815,SM,7,53,SL0466,326,0.0,326,0.5,ML,014016006,ASPHALTIC CONCRETE PAVEMENT OVERLAY,,OV,,AGGR(TY-PB GR-3 SAC-B) | ASPH (AC-5) | AGGR(TY-PB GR-4 SAC-B),Seal coat 2 CR,316,105,1,,,200508,20061212,,,114091.41,2004,PM
20160815,SM,7,53,SL0466,326,0.0,326,0.5,ML,014016006,ASPHALTIC CONCRETE PAVEMENT OVERLAY,,OV,,"PLANE ASPH CONC PAV (1') | PLANE ASPH CONC PAV(0' TO 2') | PLANE ASPH CONC PAV (2 1/2'-3')",Milling,354,125,2,3,,200508,20061212,61866,SY,1.996666667,2004,PM
20160815,SM,7,53,SL0466,326,0.0,326,0.5,ML,014016006,ASPHALTIC CONCRETE PAVEMENT OVERLAY,,OV,,ASPH BINDER(AC-10) | ASPH BINDER(PG 64-22) | FABRIC,Fabric underseal,356,140,3,,,200508,20061212,,,102184.51,2004,PM
20160815,SM,7,53,IH0010,370,0.899,372,1.153,ML EW,014101045,OVERLAY,,OV,,FL BS (CMP IN PLC)(TY A GR 4),Flexible base Gr 4,247,70,3,,,201008,20110707,,,42660.22,2004,PM
20160815,SM,7,53,IH0010,370,0.899,372,1.153,ML EW,014101045,OVERLAY,,OV,,"CEMENT TRT (MX EXST MTL & NW BS)(10') | CEMENT",Cement treated base,275,72,5,10,,201008,20110707,,,67685.177,2004,PM
20160815,SM,7,53,IH0010,370,0.899,372,1.153,ML EW,014101045,OVERLAY,,OV,,PRIME COAT (MC-30 OR AE-P),Prime coat,310,75,6,,,201008,20110707,,,20816.5,2004,PM
20160815,SM,7,53,IH0010,370,0.899,372,1.153,ML EW,014101045,OVERLAY,,OV,,ASPH (AC-5 OR MC-2400) | AGGR(TY-PB GR-4 SAC-B),Seal coat grade 4,316,80,1,,,201008,20110707,,,8542.89,2004,PM
20160815,SM,7,53,IH0010,370,0.899,372,1.153,ML EW,014101045,OVERLAY,,OV,,"PLANE ASPH CONC PAV(4' TO 6') | PLANE ASPH CONC PAV(0' TO 3') | PLANE ASPH CONC PAV (4') | PLANE ASPH CONC PAV (2'-3')",Milling,354,100,2,6,,201008,20110707,23666,SY,5.005,2004,PM
20160815,SM,7,53,IH0010,370,0.899,372,1.153,ML EW,014101045,OVERLAY,,OV,,ASPH BINDER(PG 64-22),Fabric underseal,356,120,4,,,201008,20110707,,,22884.75,2004,PM
20160815,SM,7,53,IH0010,378,0,380,0.67,ML EW,014101047,ACP OVERLAY,,OV,,EMULS ASPH (EROSN CONT)(MS-2 OR SS-1),Prime coat,314,60,3,,,201101,20110808,,,3085.29,2004,PM
20160815,SM,7,53,IH0010,378,0,380,0.67,ML EW,014101047,ACP OVERLAY,,OV,,"PLANE ASPH CONC PAV (1.5') | PLANE ASPH CONC PAV (0' TO 1 1/2')",Milling,354,70,1,1.5,,201101,20110808,9633,SY,1.71,2004,PM
20160815,SM,7,53,IH0010,378,0,380,0.67,ML EW,014101047,ACP OVERLAY,,OV,,ASPH BINDER(PG 64-22),Fabric underseal,356,80,2,,,201101,20110808,,,22876.26,2004,PM
20160815,SM,7,218,IH0010,392,0.124,400,0.485,ML,014103055,ASPHALTIC CONCRETE PAVEMENT OVERLAY,,OV,,ASPH MATRL (MC-30),Prime coat,310,70,3,,,200208,20031010,,,24071.58,1993,
20160815,SM,7,218,IH0010,392,0.124,400,0.485,ML,014103055,ASPHALTIC CONCRETE PAVEMENT OVERLAY,,OV,,"PLAN ASPH CONC PAV (2 IN) | PLANE ASPH CONC PAV (0' TO 2')",Milling,354,75,2,2,,200208,20031010,38624,SY,1.175,1993,
20160815,SM,7,218,IH0010,392,0.124,400,0.485,ML,014103055,ASPHALTIC CONCRETE PAVEMENT OVERLAY,,OV,,HOT MIX (TY F),Dense-graded TY-F,3146,165,1,,,200208,20031010,,,1180448,1993,
20160815,SM,7,218,IH0010,390,0.848,400,0.574,ML EW,014103060,MICROSURFACING (TRAVEL LANES ONLY),,OV,,FOG SEAL (HARD RESIDUE SURFACE SEALANT),Fog seal,315,55,1,,,201111,20120505,,,98184,2004,PM
20160815,SM,7,218,IH0010,404,1.547,408,0.281,ML,014104033,MILLING AND MICROSURFACING,,OV,,MICROSURFACING,Microsurfacing,350,60,1,,,200510,20060505,,,217119.6,2004,
20160815,SM,7,218,IH0010,408,0.248,418,0.692,ML,014105025,MILLING AND MICROSURFACING,,OV,,MICROSURFACING,Microsurfacing,350,230,1,,,200510,20060505,,,854752.2048,2004,
20160815,SM,7,218,IH0010,418,0.739,426,0.372,ML,014106038,MILLING AND MICROSURFACING,,OV,,MICROSURFACING,Microsurfacing,350,390,1,,,200510,20060505,,,326489.0384,2004,
20160815,SM,7,134,IH0010,434,0.533,444,0.402,ML,014108042,ASPHALTIC CONCRETE PAVEMENT OVERLAY,,OV,,"PLANE ASPH CONC PAV (0' TO 2.25')",Milling,354,75,2,2.25,,200212,20040505,,,422614.374,1993,
20160815,SM,7,134,IH0010,434,0.533,444,0.402,ML,014108042,ASPHALTIC CONCRETE PAVEMENT OVERLAY,,OV,,HOT MIX (TY CMHB-C)(PG 76-22S),Dense-graded TY-C,3146,220,1,,,200212,20040505,,,3325211.613,1993,
20160815,SM,7,134,IH0010,454,0.514,457,0.447,ML EW,014109067,PFC AND HMACP OVERLAY,,OV,,EMULS ASPH (EROSN CONT)(CSS-1H),Prime coat,314,80,6,,,200612,20071010,,,9999.5,2004,
20160815,SM,7,134,IH0010,454,0.514,457,0.447,ML EW,014109067,PFC AND HMACP OVERLAY,,OV,,FOG SEAL (CMS-1P),Fog seal,315,85,3,,,200612,20071010,,,22816.86,2004,
20160815,SM,7,134,IH0010,454,0.514,457,0.447,ML EW,014109067,PFC AND HMACP OVERLAY,,OV,,ASPH (AC-10-2TR) | ASPH (AC-15P) | AGGR (TY PB GR 4)OR(TY PB GR 4 MOD),Seal coat grade 4,316,90,4,,,200612,20071010,,,1835444.28,2004,
20160815,SM,7,134,IH0010,454,0.514,457,0.447,ML EW,014109067,PFC AND HMACP OVERLAY,,OV,,PRODUCTION BONUS/PENALTY | PLACEMENT BONUS/PENALTY | D-GR HMA(QCQA) TY-C SAC-B PG70-22,Dense-graded TY-C,341,100,2,,,200612,20071010,,,1662707.079,2004,
20160815,SM,7,134,IH0010,454,0.514,457,0.447,ML EW,014109067,PFC AND HMACP OVERLAY,,OV,,PFC (ASPHALT) PG 76-22 TR | PFC (AGGREGATE)(PG76 MIX) SAC-B,Permeable friction course PFC,342,105,1,1.5,,200612,20071010,57858,TON,92.48,2004,
20160815,SM,7,134,IH0010,454,0.514,457,0.447,ML EW,014109067,PFC AND HMACP OVERLAY,,OV,,"PLANE ASPH CONC PAV(0' TO 2') | PLANE ASPH CONC PAV (0' TO 1 1/2')",Milling,354,115,5,2,,200612,20071010,59094,SY,1.76,2004,
20160815,SM,7,134,IH0010,444,0.41,454,0.514,ML EW,014109068,MICROSURFACING (TRAVEL LANES ONLY),,OV,,FOG SEAL (HARD RESIDUE SURFACE SEALANT),Fog seal,315,87,1,,,201107,20111212,,,93750,2004,PM
20160815,SM,7,218,SL0467,362,1.307,362,0.526,ML EW,014114014,REHABILITATE TOWN SECTION,,RER,,"REMOVING STAB BASE AND ASPH PAV (13')",Milling,105,70,3,13,,201210,20140505,,,273616.91,2004,HR
20160815,SM,7,218,SL0467,362,1.307,362,0.526,ML EW,014114014,REHABILITATE TOWN SECTION,,RER,,EMBANKMENT (FINAL)(DENS CONT)(TY B),Fill,132,75,6,,,201210,20140505,,,3188.66,2004,HR
20160815,SM,7,218,SL0467,362,1.307,362,0.526,ML EW,014114014,REHABILITATE TOWN SECTION,,RER,,FL BS (CMP IN PLC)(TY A GR 3)(FNAL POS),Flexible base Gr 3,247,110,5,,,201210,20140505,,,17664.423,2004,HR
20160815,SM,7,218,SL0467,362,1.307,362,0.526,ML EW,014114014,REHABILITATE TOWN SECTION,,RER,,"PRIME COAT (MC-30, AE-P OR SS-1)",Prime coat,310,115,7,,,201210,20140505,,,381.6,2004,HR
20160815,SM,7,218,SL0467,362,1.307,362,0.526,ML EW,014114014,REHABILITATE TOWN SECTION,,RER,,"AGGR (TY-PB GR-4) | ASPH(AC-10-2TR,AC-10W/2%SBR OR CRS-1P)",Seal coat grade 4,316,120,2,,,201210,20140505,,,3186.48,2004,HR
20160815,SM,7,218,SL0467,362,1.307,362,0.526,ML EW,014114014,REHABILITATE TOWN SECTION,,RER,,LRA PAV TY-I GR-AA,Limestone rock asphalt LRA,330,130,8,,,201210,20140505,,,1041351.36,2004,HR
20160815,SM,7,218,SL0467,362,1.307,362,0.526,ML EW,014114014,REHABILITATE TOWN SECTION,,RER,,"PLANE ASPH CONC PAV (2')",Milling,354,135,4,2,,201210,20140505,,,58820.64,2004,HR
20160815,SM,7,218,SL0467,362,1.307,362,0.526,ML EW,014114014,REHABILITATE TOWN SECTION,,RER,,"CONC PAV (CONT REINF CRCP)(9')(CL HES) | CONC PVMT (CONT REINF-CRCP)(9')",Concrete pavement,360,140,1,9,,201210,20140505,52737,SY,79.305,2004,HR
20160815,SM,7,134,IH0010,473,0.47,478,0.47,ML EW,014201073,ACP OVERLAY,,OV,,AGGR(TY-PB GR-4 SAC-B) | ASPH (AC-20-5TR),Seal coat grade 4,316,65,3,,,201202,20121010,,,406940.77,2004,PM
20160815,SM,7,134,IH0010,473,0.47,478,0.47,ML EW,014201073,ACP OVERLAY,,OV,,PFC (ASPHALT) PG 76-22 TR | PFC (AGGREGATE)(PG76 MIX) SAC-B,Permeable friction course PFC,342,75,1,,,201202,20121010,15916,TON,94.17,2004,PM
20160815,SM,7,134,IH0010,473,0.47,478,0.47,ML EW,014201073,ACP OVERLAY,,OV,,"PLANE ASPH CONC PAV(0' TO 2') | PLANE ASPH CONC PAV (2') | PLANE ASPH CONC PAV (0' TO 1 1/2') | PLANE ASPH CONC PAV (1.5')",Milling,354,85,4,2,,201202,20121010,18248,SY,1.14,2004,PM
20160815,SM,7,134,IH0010,473,0.47,478,0.47,ML EW,014201073,ACP OVERLAY,,OV,,D-GR HMA(QCQA) TY-C SAC-B PG76-22 | PLACEMENT BONUS/PENALTY | PRODUCTION BONUS/PENALTY,Dense-graded TY-C,3224,260,2,,,201202,20121010,,,607594.71,2004,PM
20160815,SM,7,134,US0377,560,1.927,562,0.202,ML EW,014803024,REHABILITATE STREAM CROSSING,,RER,,EMBANKMENT (FINAL)(DENS CONT)(TY B),Fill,132,70,2,,,200703,20080808,,,7000,2004,
20160815,SM,7,134,US0377,560,1.927,562,0.202,ML EW,014803024,REHABILITATE STREAM CROSSING,,RER,,LRA PAV TY-I GR-D | LRA PAV TY-I GR-A,Limestone rock asphalt LRA,330,95,3,,,200703,20080808,1006,TON,54.35,2004,
20160815,SM,7,134,US0377,560,1.927,562,0.202,ML EW,014803024,REHABILITATE STREAM CROSSING,,RER,,"CONC PVMT (CONT REINF-CRCP)(8')",Concrete pavement,360,105,1,8,,200703,20080808,,,336116,2004,
20160815,SM,7,134,US0377,546,1.372,556,1.443,ML NS,014804023,SEAL COAT,,SC,,AGGR (TIER I) | AGGR (TIER III) | AGGR (TIER II) | ASPH (TIER I) | ASPH (TIER III) | ASPH (TIER II),Seal coat,316,110,1,,,201311,20141212,,,3485644.58,2004,PM
20160815,SM,7,226,US0067,666,0.02,666,1.2,ML NS,015802081,ASPHALT CONCRETE PAVEMENT OVERLAY,,OV,,EMULS ASPH (EROSN CONT)(MS-2 OR SS-1),Prime coat,314,60,3,,,201003,20100606,,,7068,2004,PM
20160815,SM,7,226,US0067,666,0.02,666,1.2,ML NS,015802081,ASPHALT CONCRETE PAVEMENT OVERLAY,,OV,,"PLANE ASPH CONC PAV(0' TO 2') | PLANE ASPH CONC PAV (2'-3')",Milling,354,70,1,3,,201003,20100606,10278,SY,1.625,2004,PM
20160815,SM,7,226,US0067,666,0.02,666,1.2,ML NS,015802081,ASPHALT CONCRETE PAVEMENT OVERLAY,,OV,,FABRIC | ASPH BINDER(PG 64-22),Fabric underseal,356,80,2,,,201003,20100606,,,70272.7,2004,PM
20160815,SM,7,226,US0277,390,13.263,408,0.708,ML NS,015901039,ADD SUPER 2 PASSING LANES,,RER,,SUBGRADE WIDENING (DENS CONT),Subgrade,112,75,6,,,201207,20140505,,,320398.1312,2004,LR
20160815,SM,7,226,US0277,390,13.263,408,0.708,ML NS,015901039,ADD SUPER 2 PASSING LANES,,RER,,FL BS (CMP IN PLC)(TY A GR 5)(FNAL POS),Flexible base Gr 5,247,90,4,,,201207,20140505,,,717320.56,2004,LR
20160815,SM,7,226,US0277,390,13.263,408,0.708,ML NS,015901039,ADD SUPER 2 PASSING LANES,,RER,,CEMENT,Cement treated base,275,92,5,,,201207,20140505,,,46178.1,2004,LR
20160815,SM,7,226,US0277,390,13.263,408,0.708,ML NS,015901039,ADD SUPER 2 PASSING LANES,,RER,,PRIME COAT (MC-30 OR AE-P),Prime coat,310,95,7,,,201207,20140505,,,43606.78,2004,LR
20160815,SM,7,226,US0277,390,13.263,408,0.708,ML NS,015901039,ADD SUPER 2 PASSING LANES,,RER,,EMULS ASPH (EROSN CONT)(SS-1),Prime coat,314,100,8,,,201207,20140505,,,5914.35,2004,LR
20160815,SM,7,226,US0277,390,13.263,408,0.708,ML NS,015901039,ADD SUPER 2 PASSING LANES,,RER,,FOG SEAL (SS-1 OR CSS-1),Fog seal,315,105,1,,,201207,20140505,,,60128.32,2004,LR
20160815,SM,7,226,US0277,390,13.263,408,0.708,ML NS,015901039,ADD SUPER 2 PASSING LANES,,RER,,AGGR (GR 4) | ASPH (TIER III),Seal coat grade 4,316,115,2,,,201207,20140505,,,128326.5759,2004,LR
20160815,SM,7,226,US0277,390,13.263,408,0.708,ML NS,015901039,ADD SUPER 2 PASSING LANES,,RER,,"PLANE ASPH CONC PAV (1.5')",Milling,354,127,3,1.5,,201207,20140505,,,8069.70072,2004,LR
20160815,SM,7,226,US0277,418,0.186,424,0.176,ML NS,015902072,ADD SUPER 2 PASSING LANES,,RER,,SUBGRADE WIDENING (DENS CONT),Subgrade,112,80,4,,,201207,20141212,,,296001.02,2004,LR
20160815,SM,7,226,US0277,418,0.186,424,0.176,ML NS,015902072,ADD SUPER 2 PASSING LANES,,RER,,FL BS (CMP IN PLC)(TY A GR 5)(FNAL POS),Flexible base Gr 5,247,100,3,,,201207,20141212,,,520292.5,2004,LR
20160815,SM,7,226,US0277,418,0.186,424,0.176,ML NS,015902072,ADD SUPER 2 PASSING LANES,,RER,,PRIME COAT (MC-30 OR AE-P),Prime coat,310,105,5,,,201207,20141212,,,41658,2004,LR
20160815,SM,7,226,US0277,418,0.186,424,0.176,ML NS,015902072,ADD SUPER 2 PASSING LANES,,RER,,EMULS ASPH (EROSN CONT)(SS-1),Prime coat,314,110,6,,,201207,20141212,,,7238.4,2004,LR
20160815,SM,7,226,US0277,418,0.186,424,0.176,ML NS,015902072,ADD SUPER 2 PASSING LANES,,RER,,AGGR (GR 4) | ASPH (TIER III),Seal coat grade 4,316,115,1,,,201207,20141212,,,112844.8,2004,LR
20160815,SM,7,226,US0277,418,0.186,424,0.176,ML NS,015902072,ADD SUPER 2 PASSING LANES,,RER,,"PLANE ASPH CONC PAV (1') | PLANE CONC PAV(0' TO 1')",Milling,354,125,2,1,,201207,20141212,15864,SY,3.85,2004,LR
20160815,SM,7,207,US0277,444,1.582,446,1.097,ML NS,015904034,ADD SUPER 2 PASSING LANES,,RER,,SUBGRADE WIDENING (DENS CONT),Subgrade,112,75,4,,,201207,20131010,,,516307.1052,2004,LR
20160815,SM,7,207,US0277,444,1.582,446,1.097,ML NS,015904034,ADD SUPER 2 PASSING LANES,,RER,,FL BS (CMP IN PLC)(TY A GR 5)(FNAL POS),Flexible base Gr 5,247,95,3,,,201207,20131010,,,1126453.2,2004,LR
20160815,SM,7,207,US0277,444,1.582,446,1.097,ML NS,015904034,ADD SUPER 2 PASSING LANES,,RER,,PRIME COAT (MC-30 OR AE-P),Prime coat,310,100,5,,,201207,20131010,,,83447.13,2004,LR
20160815,SM,7,207,US0277,444,1.582,446,1.097,ML NS,015904034,ADD SUPER 2 PASSING LANES,,RER,,EMULS ASPH (EROSN CONT)(SS-1),Prime coat,314,105,6,,,201207,20131010,,,17717.12,2004,LR
20160815,SM,7,207,US0277,444,1.582,446,1.097,ML NS,015904034,ADD SUPER 2 PASSING LANES,,RER,,ASPH (TIER III) | AGGR (GR 4),Seal coat grade 4,316,110,1,,,201207,20131010,,,182352.5,2004,LR
20160815,SM,7,207,US0277,444,1.582,446,1.097,ML NS,015904034,ADD SUPER 2 PASSING LANES,,RER,,"PLANE ASPH CONC PAV (1.5' TO 4') | PLANE ASPH CONC PAV(0' TO 4') | PLANE ASPH CONC PAV (0' TO 1 1/2') | PLANE ASPH CONC PAV(2' TO 4')",Milling,354,125,2,4,,201207,20131010,5330,SY,6.19,2004,LR
20160815,SM,7,70,US0377,594,1.902,594,1.423,ML EW,020104022,REHABILITATE EXISTING ROADWAY,,RER,,EMBANKMENT (FINAL)(ORD COMP)(TY A),Fill,132,70,3,,,200705,20090101,,,80,2004,HR
20160815,SM,7,70,US0377,594,1.902,594,1.423,ML EW,020104022,REHABILITATE EXISTING ROADWAY,,RER,,LRA PAV TY-I GR-C | LRA PAV TY-I GR-A,Limestone rock asphalt LRA,330,125,4,,,200705,20090101,2687.2,TON,112.5,2004,HR
20160815,SM,7,70,US0377,594,1.902,594,1.423,ML EW,020104022,REHABILITATE EXISTING ROADWAY,,RER,,"PLANE ASPH CONC PAV(0' TO 2')",Milling,354,135,2,2,,200705,20090101,,,6496.88,2004,HR
20160815,SM,7,70,US0377,594,1.902,594,1.423,ML EW,020104022,REHABILITATE EXISTING ROADWAY,,RER,,"CONC PVMT (JOINTED-CPCD)(8')(CL HES)",Concrete pavement,360,140,1,8,,200705,20090101,,,916580,2004,HR
20160815,SM,7,53,SH0163,538,1.613,540,0.843,ML,041204028,ASPHALTIC CONCRETE PAVEMENT OVERLAY,,OV,,PRIME COAT (MC-30),Prime coat,310,560,5,,,200508,20061212,,,1694.275,2004,
20160815,SM,7,53,SH0163,538,1.613,540,0.843,ML,041204028,ASPHALTIC CONCRETE PAVEMENT OVERLAY,,OV,,AGGR(TY-PB GR-3 SAC-B) | ASPH (AC-5) | AGGR(TY-PB GR-4 SAC-B),Seal coat 2 CR,316,565,2,,,200508,20061212,,,65043.98,2004,
20160815,SM,7,53,SH0163,538,1.613,540,0.843,ML,041204028,ASPHALTIC CONCRETE PAVEMENT OVERLAY,,OV,,D-GR HMA(QCQA) TY-D PG64-22,Dense-graded TY-D,341,577,1,,,200508,20061212,,,2088.6,2004,
20160815,SM,7,53,SH0163,538,1.613,540,0.843,ML,041204028,ASPHALTIC CONCRETE PAVEMENT OVERLAY,,OV,,"PLANE ASPH CONC PAV(0' TO 2') | PLANE ASPH CONC PAV (2 1/2'-3')",Milling,354,585,3,3,,200508,20061212,24970,SY,1.91,2004,
20160815,SM,7,53,SH0163,538,1.613,540,0.843,ML,041204028,ASPHALTIC CONCRETE PAVEMENT OVERLAY,,OV,,FABRIC | ASPH BINDER(AC-10),Fabric underseal,356,595,4,,,200508,20061212,,,41648.37,2004,
20160815,SM,7,226,SH0208,350,0.39,352,0.033,ML NS,045402050,ASPHALTIC CONCRETE PAVEMENT OVERLAY,,OV,,ASPH MATRL (MC-30),Prime coat,310,85,4,,,200501,20050606,,,20561.48,1993,PM
20160815,SM,7,226,SH0208,350,0.39,352,0.033,ML NS,045402050,ASPHALTIC CONCRETE PAVEMENT OVERLAY,,OV,,"ASPH (AC-3 OR AC-5) | AGGR (TY PB, GR 4)",Seal coat grade 4,316,90,2,,,200501,20050606,,,84473.22,1993,PM
20160815,SM,7,226,SH0208,350,0.39,352,0.033,ML NS,045402050,ASPHALTIC CONCRETE PAVEMENT OVERLAY,,OV,,"PLAN ASPH CONC PAV (2 IN) | PLANE ASPH CONC PAV (0' TO 2')",Milling,354,100,3,2,,200501,20050606,50620,SY,1.475,1993,PM
20160815,SM,7,226,SH0208,350,0.39,352,0.033,ML NS,045402050,ASPHALTIC CONCRETE PAVEMENT OVERLAY,,OV,,HOT MIX (TY CMHB-C)(SURF)(PG 76-22S),Dense-graded TY-C,3146,225,1,,,200501,20050606,,,375131.25,1993,PM
20160815,SM,7,193,RM0336,464,1.22,480,1.743,ML NS,055401027,REPAIR FLOOD DAMAGED LOW WATER CROSSINGS,,RER,,EMBANK (ORD COMP)(TY B)(CL 3),Fill,132,80,2,,,200306,20050303,,,22605.975,1993,
20160815,SM,7,193,RM0336,464,1.22,480,1.743,ML NS,055401027,REPAIR FLOOD DAMAGED LOW WATER CROSSINGS,,RER,,FL BS (COMPL IN PLAC)(TY A GR2 CL 4),Flexible base Gr 2,247,110,1,,,200306,20050303,,,91345.2835,1993,
20160815,SM,7,193,RM0336,464,1.22,480,1.743,ML NS,055401027,REPAIR FLOOD DAMAGED LOW WATER CROSSINGS,,RER,,ASPH MATRL (MC-30),Prime coat,310,115,3,,,200306,20050303,,,3249.9,1993,
20160815,SM,7,193,RM0336,464,1.22,480,1.743,ML NS,055401027,REPAIR FLOOD DAMAGED LOW WATER CROSSINGS,,RER,,LIMESTONE ROCK ASPH PAV (CL A)(TY A) | LIMESTONE ROCK ASPH PAV (CL A)(TY D),Limestone rock asphalt LRA,330,120,4,,,200306,20050303,772.6,TON,50,1993,
20160815,SM,7,193,FM1120,480,0.0,482,0.634,ML NS,055402019,SEAL COAT,,SC,,AGGR(TY-PB GR-3 SAC-B) | ASPH (AC-10-2TR),Seal coat grade 3,316,425,1,,,200811,20091111,,,76547.5,2004,
20160815,SM,7,226,BU0067J,372,0.939,374,0.917,ML EW,055501034,REHABILITATE EXISTING ROADWAY,,RER,,EMBANK (ORD COMP)(TY B)(CL 3) | EMBANK (DENS CONT)(TY B)(CL 3),Fill,132,110,8,,,200108,20030808,1308,CY,6.29,1993,HR
20160815,SM,7,226,BU0067J,372,0.939,374,0.917,ML EW,055501034,REHABILITATE EXISTING ROADWAY,,RER,,"FL BS (CMPL IN PLC)(OC)(TYA GR6 CL5)6'",Flexible base Gr 6,247,127,4,6,,200108,20030808,,,1311.941,1993,HR
20160815,SM,7,226,BU0067J,372,0.939,374,0.917,ML EW,055501034,REHABILITATE EXISTING ROADWAY,,RER,,"LIME TREAT SUBGR (DC)(6 ')",Lime treated subgrade,260,135,6,6,,200108,20030808,,,72135.84,1993,HR
20160815,SM,7,226,BU0067J,372,0.939,374,0.917,ML EW,055501034,REHABILITATE EXISTING ROADWAY,,RER,,LIME (TY C)(DRY),Lime treated base,262,142,7,,,200108,20030808,,,25401.6,1993,HR
20160815,SM,7,226,BU0067J,372,0.939,374,0.917,ML EW,055501034,REHABILITATE EXISTING ROADWAY,,RER,,ASPH MATRL (MC-30),Prime coat,310,145,9,,,200108,20030808,,,1022,1993,HR
20160815,SM,7,226,BU0067J,372,0.939,374,0.917,ML EW,055501034,REHABILITATE EXISTING ROADWAY,,RER,,ASPH (AC-15P OR MC-2400 W/LATEX) | ASPH (AC-5 LATEX) OR (MC-2400 LATEX) | AGGR (TY PB GR3),Seal coat grade 3,316,150,2,,,200108,20030808,,,96775.3873,1993,HR
20160815,SM,7,226,BU0067J,372,0.939,374,0.917,ML EW,055501034,REHABILITATE EXISTING ROADWAY,,RER,,HOT MIX-COLD LAID ASPH CONC PAV (TY D),Hot mix cold laid HMCL,334,160,10,,,200108,20030808,,,66101.4728,1993,HR
20160815,SM,7,226,BU0067J,372,0.939,374,0.917,ML EW,055501034,REHABILITATE EXISTING ROADWAY,,RER,,ASPH STAB BS (GR 1),Asphalt stabilized base,345,165,5,,,200108,20030808,,,484266.86,1993,HR
20160815,SM,7,226,BU0067J,372,0.939,374,0.917,ML EW,055501034,REHABILITATE EXISTING ROADWAY,,RER,,"PLAN ASPH CONC PAV (2 IN) | PLANE ASPH CONC PAV (0' TO 2')",Milling,354,170,3,2,,200108,20030808,38908,SY,1.73,1993,HR
20160815,SM,7,226,BU0067J,372,0.939,374,0.917,ML EW,055501034,REHABILITATE EXISTING ROADWAY,,RER,,HOT MIX (TY CMHB-C)(PG 76-22S),Dense-graded TY-C,3146,655,1,,,200108,20030808,,,353113.5,1993,HR
20160815,SM,7,226,FM0380,390,0.522,390,0.779,ML EW,055501036,"GRADING, BASE, SURFACING & WIDEN STRUCTURES",,RER,,EMBANKMENT (FINAL)(DENS CONT)(TY B),Fill,132,90,5,,,200609,20090606,,,68208,2004,
20160815,SM,7,226,FM0380,390,0.522,390,0.779,ML EW,055501036,"GRADING, BASE, SURFACING & WIDEN STRUCTURES",,RER,,"FL BS (CMP IN PLC) (TY A GR 4) (8')",Flexible base Gr 4,247,105,3,8,,200609,20090606,,,1436112.32,2004,
20160815,SM,7,226,FM0380,390,0.522,390,0.779,ML EW,055501036,"GRADING, BASE, SURFACING & WIDEN STRUCTURES",,RER,,"CEMENT TREAT(EXIST MATL)(8') | CEMENT",Cement treated base,275,110,4,8,,200609,20090606,,,31347.3,2004,
20160815,SM,7,226,FM0380,390,0.522,390,0.779,ML EW,055501036,"GRADING, BASE, SURFACING & WIDEN STRUCTURES",,RER,,EMULS ASPH (BS OR SUBGR TRT)(CSS-1H),Prime coat,314,120,6,,,200609,20090606,,,27925.59,2004,
20160815,SM,7,226,FM0380,390,0.522,390,0.779,ML EW,055501036,"GRADING, BASE, SURFACING & WIDEN STRUCTURES",,RER,,AGGR(TY-PB GR-3 SAC-B) | AGGR(TY-PB GR-4 SAC-B) | ASPH (MC-2400L) | ASPH(AC-3 OR AC-5) | ASPH (AC-20-5TR),Seal coat 2 CR,316,130,1,,,200609,20090606,,,697971.09,2004,
20160815,SM,7,226,FM0380,390,0.522,390,0.779,ML EW,055501036,"GRADING, BASE, SURFACING & WIDEN STRUCTURES",,RER,,"PLANE ASPH CONC PAV (0'- 2 1/2') | PLANE ASPH CONC PAV (2 1/2')",Milling,354,150,2,2.5,,200609,20090606,6876.9,SY,4.93,2004,
20160815,SM,7,226,RM0853,382,0,382,0.691,ML EW,055505021,ASPHALT CONCRETE PAVEMENT OVERLAY,,OV,,PRIME COAT (MC-30),Prime coat,310,55,3,,,201002,20100606,,,4168.76,2004,PM
20160815,SM,7,226,RM0853,382,0,382,0.691,ML EW,055505021,ASPHALT CONCRETE PAVEMENT OVERLAY,,OV,,HMCL ACP TY-F SAC-B AES-300,Hot mix cold laid HMCL,334,60,4,,,201002,20100606,,,6947.52,2004,PM
20160815,SM,7,226,RM0853,382,0,382,0.691,ML EW,055505021,ASPHALT CONCRETE PAVEMENT OVERLAY,,OV,,"PLANE ASPH CONC PAV(0' TO 2') | PLANE ASPH CONC PAV (2')",Milling,354,70,1,2,,201002,20100606,7461,SY,3.065,2004,PM
20160815,SM,7,226,RM0853,382,0,382,0.691,ML EW,055505021,ASPHALT CONCRETE PAVEMENT OVERLAY,,OV,,ASPH BINDER(PG 64-22) | FABRIC,Fabric underseal,356,80,2,,,201002,20100606,,,34140.61,2004,PM
20160815,SM,7,226,RM0853,380,0.485,382,0,ML EW,055505023,MICROSURFACING,,OV,,"PLAN & TEXT ASPH CONC PAV (0' TO 1/2')",Milling,354,55,1,0.5,,201008,20110101,,,21889.56,2004,PM
20160815,SM,7,193,RM0337,400,0.331,406,1.902,ML EW,079201025,REHABILITATE EXISTING ROADWAY,,RER,,EMBANK (DENS CONT)(TY C)(CL 3),Fill,132,75,5,,,200410,20061111,,,47725.74,1993,
20160815,SM,7,193,RM0337,400,0.331,406,1.902,ML EW,079201025,REHABILITATE EXISTING ROADWAY,,RER,,"FL BS (CMPL IN PLACE)(TY A GR1 CL5) 6'",Flexible base Gr 1,247,105,3,6,,200410,20061111,,,605942.82,1993,
20160815,SM,7,193,RM0337,400,0.331,406,1.902,ML EW,079201025,REHABILITATE EXISTING ROADWAY,,RER,,"LIME (TY C)(DRY) | LIME TREAT SUBGR (DC)(12')",Lime treated subgrade,260,110,4,12,,200410,20061111,,,654601.304,1993,
20160815,SM,7,193,RM0337,400,0.331,406,1.902,ML EW,079201025,REHABILITATE EXISTING ROADWAY,,RER,,EMULS ASPH (CSS-1H),Fog seal,314,118,1,,,200410,20061111,,,31710,1993,
20160815,SM,7,193,RM0337,400,0.331,406,1.902,ML EW,079201025,REHABILITATE EXISTING ROADWAY,,RER,,"AGGR (TY PB, GR 4)(MOD) | ASPH (AC-15P) | AGGR (TY B GR5) | AGGR (TY PB GR 3)(MOD) | ASPH (RC 250) | ASPH (AC-3, AC-5, OR AC-15P)",Seal coat 3 CR,316,120,2,,,200410,20061111,,,411881.91,1993,
20160815,SM,7,193,RM0337,420,1.257,426,1.24,ML EW,079202015,"GRADING, BASE AND EXTENDING STRUCTURES",,RER,,EMBANKMENT (FINAL)(DENS CONT)(TY B),Fill,132,70,5,,,200610,20090909,,,42401.8,2004,
20160815,SM,7,193,RM0337,420,1.257,426,1.24,ML EW,079202015,"GRADING, BASE AND EXTENDING STRUCTURES",,RER,,"FL BS (CMP IN PLC)(TY A GR 1) (6')",Flexible base Gr 1,247,100,2,6,,200610,20090909,,,588312.96,2004,
20160815,SM,7,193,RM0337,420,1.257,426,1.24,ML EW,079202015,"GRADING, BASE AND EXTENDING STRUCTURES",,RER,,"REWORK BS MTL (TY D)(12')(DENS CONT)",Flexible base,251,103,3,12,,200610,20090909,,,282460.585,2004,
20160815,SM,7,193,RM0337,420,1.257,426,1.24,ML EW,079202015,"GRADING, BASE AND EXTENDING STRUCTURES",,RER,,"LIME (QUICKLIME (DRY)) | LIME TRT (EXST MATL) (12')",Lime treated base,260,106,4,12,,200610,20090909,,,92622.3055,2004,
20160815,SM,7,193,RM0337,420,1.257,426,1.24,ML EW,079202015,"GRADING, BASE AND EXTENDING STRUCTURES",,RER,,PRIME COAT (RC-250),Prime coat,310,115,6,,,200610,20090909,,,91104.34,2004,
20160815,SM,7,193,RM0337,420,1.257,426,1.24,ML EW,079202015,"GRADING, BASE AND EXTENDING STRUCTURES",,RER,,EMULS ASPH (EROSN CONT)(CSS-1H),Prime coat,314,120,7,,,200610,20090909,,,87000,2004,
20160815,SM,7,193,RM0337,420,1.257,426,1.24,ML EW,079202015,"GRADING, BASE AND EXTENDING STRUCTURES",,RER,,AGGR(TY-PB GR-3)MOD | AGGR (TY-PB GR-4 MOD SAC-B) | ASPH(AC-5 OR AC-15P) | ASPH (AC-15P) | AGGR(TY-PB GR-4S SAC-A) | AGGR(TY-B GR-5 SAC-C),Seal coat 3 CR,316,125,1,,,200610,20090909,,,399193.04,2004,
20160815,SM,7,134,RM0385,436,1.134,448,0.242,ML,082901023,REHABILITATION OF EXISTING ROAD,,RER,,EMBANKMENT (FINAL)(DENS CONT)(TY B),Fill,132,87,1,,,200611,20080202,,,4688.5,2004,
20160815,SM,7,134,RM0385,436,1.134,448,0.242,ML,082901023,REHABILITATION OF EXISTING ROAD,,RER,,PRIME COAT (MC-30),Prime coat,310,115,2,,,200611,20080202,,,2488.5,2004,
20160815,SM,7,134,RM0385,436,1.134,448,0.242,ML,082901023,REHABILITATION OF EXISTING ROAD,,RER,,LRA PAV TY-I GR-D | LRA PAV TY-I GR-A,Limestone rock asphalt LRA,330,120,3,,,200611,20080202,829,TON,66.3,2004,
20160815,SM,7,134,FM2169,424,0.278,424,1.055,ML EW,200701007,REPLACE STRUCTURES AT JOHNSON FORK CROSSINGS & REHAB ROADWAY,,RER,,EMBANKMENT (FINAL)(DENS CONT)(TY B),Fill,132,70,5,,,200607,20080505,,,85872,2004,
20160815,SM,7,134,FM2169,424,0.278,424,1.055,ML EW,200701007,REPLACE STRUCTURES AT JOHNSON FORK CROSSINGS & REHAB ROADWAY,,RER,,"FL BS (CMP IN PLACE)(TY A GR 2)(8')",Flexible base Gr 2,247,466,3,8,,200607,20080505,,,52752.31,2004,
20160815,SM,7,134,FM2169,424,0.278,424,1.055,ML EW,200701007,REPLACE STRUCTURES AT JOHNSON FORK CROSSINGS & REHAB ROADWAY,,RER,,"REWORK BS MTL (TY D)(11.5'-15.5')(OC)",Flexible base,251,467,4,15.5,,200607,20080505,,,8107.224,2004,
20160815,SM,7,134,FM2169,424,0.278,424,1.055,ML EW,200701007,REPLACE STRUCTURES AT JOHNSON FORK CROSSINGS & REHAB ROADWAY,,RER,,PRIME COAT (MC-30),Prime coat,310,468,6,,,200607,20080505,,,3331.57,2004,
20160815,SM,7,134,FM2169,424,0.278,424,1.055,ML EW,200701007,REPLACE STRUCTURES AT JOHNSON FORK CROSSINGS & REHAB ROADWAY,,RER,,ASPH (AC-15P) | AGGR(TY-PB GR-4S SAC-A),Seal coat grade 4,316,469,2,,,200607,20080505,,,30419.4,2004,
20160815,SM,7,134,FM2169,424,0.278,424,1.055,ML EW,200701007,REPLACE STRUCTURES AT JOHNSON FORK CROSSINGS & REHAB ROADWAY,,RER,,LRA PAV TY-I GR-A,Limestone rock asphalt LRA,330,90,7,,,200607,20080505,,,82155.6,2004,
20160815,SM,7,134,FM2169,424,0.278,424,1.055,ML EW,200701007,REPLACE STRUCTURES AT JOHNSON FORK CROSSINGS & REHAB ROADWAY,,RER,,"CONC PVMT (CONT REINF-CRCP)(8')",Concrete pavement,360,100,1,8,,200607,20080505,,,634000,2004,
20160815,SM,7,226,RM0584,358,1.525,360,0.326,ML EW,257401038,ASPHALTIC CONCRETE PAVEMENT OVERLAY & CONCRETE INTERSECTIONS,,OV,,ASPH MATRL (MC-30),Prime coat,310,75,5,,,200406,20050808,,,912,1993,MR
20160815,SM,7,226,RM0584,358,1.525,360,0.326,ML EW,257401038,ASPHALTIC CONCRETE PAVEMENT OVERLAY & CONCRETE INTERSECTIONS,,OV,,"ASPH (AC-5 LATEX) OR (MC-2400 LATEX) | AGGR (TY PB, GR 4)",Seal coat grade 4,316,80,2,,,200406,20050808,,,60660.05,1993,MR
20160815,SM,7,226,RM0584,358,1.525,360,0.326,ML EW,257401038,ASPHALTIC CONCRETE PAVEMENT OVERLAY & CONCRETE INTERSECTIONS,,OV,,ASPH STAB BS (GR 1),Asphalt stabilized base,345,90,4,,,200406,20050808,,,105413.7,1993,MR
20160815,SM,7,226,RM0584,358,1.525,360,0.326,ML EW,257401038,ASPHALTIC CONCRETE PAVEMENT OVERLAY & CONCRETE INTERSECTIONS,,OV,,"PLANE ASPH CONC PAV (0' TO 2')",Milling,354,95,3,2,,200406,20050808,,,14846,1993,MR
20160815,SM,7,226,RM0584,358,1.525,360,0.326,ML EW,257401038,ASPHALTIC CONCRETE PAVEMENT OVERLAY & CONCRETE INTERSECTIONS,,OV,,HOT MIX (TY CMHB-C)(SURF)(PG 76-22S),Dense-graded TY-C,3146,305,1,,,200406,20050808,,,181564.06,1993,MR
20160815,SM,7,226,RM0584,358,0.043,358,1.569,ML,257401043,ACP OVERLAY,,OV,,PRIME COAT (MC-30),Prime coat,310,65,3,,,201008,20110303,,,4315.08,2004,
20160815,SM,7,226,RM0584,358,0.043,358,1.569,ML,257401043,ACP OVERLAY,,OV,,"PLANE ASPH CONC PAV (1.5') | PLANE ASPH CONC PAV (0' TO 1 1/2')",Milling,354,75,1,1.5,,201008,20110303,18655,SY,1.46,2004,
20160815,SM,7,226,RM0584,358,0.043,358,1.569,ML,257401043,ACP OVERLAY,,OV,,ASPH BINDER(PG 64-22) | FABRIC,Fabric underseal,356,85,2,,,201008,20110303,,,113881.37,2004,
20160815,SM,7,164,FM2873,392,0.0,400,0.16,ML NS,284402008,SEAL COAT,,SC,,AGGR(TY-PB GR-3 SAC-B) | ASPH (AC-10-2TR),Seal coat grade 3,316,350,1,,,200902,20090909,,,141324.4,2004,